League,Season,Wk,Day,Date,Time,HomeTeam,xG_Home,xG_Away,AwayTeam,Attendance,Venue,Referee,Match Report,HomeScore,AwayScore
LaLiga,2017-2018,1,Fri,2017-08-18,20:15,Leganés,1.3,0.9,Alavés,9231,Estadio Municipal de Butarque,José Munuera,https://fbref.com/en/matches/5c28c716/Leganes-Alaves-August-18-2017-La-Liga,1,0
LaLiga,2017-2018,1,Fri,2017-08-18,22:15,Valencia,2.0,0.4,Las Palmas,35971,Estadio de Mestalla,Jesús Gil,https://fbref.com/en/matches/05e8105f/Valencia-Las-Palmas-August-18-2017-La-Liga,1,0
LaLiga,2017-2018,1,Sat,2017-08-19,18:15,Celta Vigo,1.2,2.1,Real Sociedad,16961,Estadio de Balaídos,Antonio Matéu Lahoz,https://fbref.com/en/matches/02357c77/Celta-Vigo-Real-Sociedad-August-19-2017-La-Liga,2,3
LaLiga,2017-2018,1,Sat,2017-08-19,20:15,Girona,2.4,0.7,Atlético Madrid,11511,Estadi Municipal de Montilivi,Juan Martínez,https://fbref.com/en/matches/a8696eaa/Girona-Atletico-Madrid-August-19-2017-La-Liga,2,2
LaLiga,2017-2018,1,Sat,2017-08-19,22:15,Sevilla,1.9,1.2,Espanyol,30487,Estadio Ramón Sánchez Pizjuán,Alejandro Hernández,https://fbref.com/en/matches/c8acb4f7/Sevilla-Espanyol-August-19-2017-La-Liga,1,1
LaLiga,2017-2018,1,Sun,2017-08-20,18:15,Athletic Club,0.9,0.4,Getafe,37884,San Mamés,Mario Melero,https://fbref.com/en/matches/44ac3d20/Athletic-Club-Getafe-August-20-2017-La-Liga,0,0
LaLiga,2017-2018,1,Sun,2017-08-20,20:15,Barcelona,1.7,0.3,Betis,56480,Camp Nou,Daniel Trujillo,https://fbref.com/en/matches/a17745cc/Barcelona-Real-Betis-August-20-2017-La-Liga,2,0
LaLiga,2017-2018,1,Sun,2017-08-20,22:15,La Coruña,1.9,2.4,Real Madrid,27770,Estadio Municipal de Riazor,José González,https://fbref.com/en/matches/9418a9ea/Deportivo-La-Coruna-Real-Madrid-August-20-2017-La-Liga,0,3
LaLiga,2017-2018,1,Mon,2017-08-21,20:15,Levante,1.6,0.6,Villarreal,19500,Estadio Ciudad de Valencia,Alfonso Álvarez,https://fbref.com/en/matches/08d48d3a/Levante-Villarreal-August-21-2017-La-Liga,1,0
LaLiga,2017-2018,1,Mon,2017-08-21,22:00,Málaga,0.6,0.8,Eibar,24753,Estadio La Rosaleda,David Medié,https://fbref.com/en/matches/4d3ccd44/Malaga-Eibar-August-21-2017-La-Liga,0,1
LaLiga,2017-2018,2,Fri,2017-08-25,20:15,Real Sociedad,3.0,0.2,Villarreal,19931,Estadio Municipal de Anoeta,Javier Estrada,https://fbref.com/en/matches/33499a0c/Real-Sociedad-Villarreal-August-25-2017-La-Liga,3,0
LaLiga,2017-2018,2,Fri,2017-08-25,22:00,Betis,0.9,0.5,Celta Vigo,45761,Estadio Benito Villamarín,Ricardo de Burgos,https://fbref.com/en/matches/0d3827c8/Real-Betis-Celta-Vigo-August-25-2017-La-Liga,2,1
LaLiga,2017-2018,2,Sat,2017-08-26,18:15,Alavés,0.7,2.5,Barcelona,19356,Estadio de Mendizorroza,Carlos del Cerro,https://fbref.com/en/matches/30a4208c/Alaves-Barcelona-August-26-2017-La-Liga,0,2
LaLiga,2017-2018,2,Sat,2017-08-26,20:15,Girona,1.9,0.4,Málaga,9966,Estadi Municipal de Montilivi,Santiago Jaime,https://fbref.com/en/matches/6f80fe81/Girona-Malaga-August-26-2017-La-Liga,1,0
LaLiga,2017-2018,2,Sat,2017-08-26,20:15,Levante,2.5,1.2,La Coruña,17370,Estadio Ciudad de Valencia,Alberola Rojas,https://fbref.com/en/matches/e97cbf46/Levante-Deportivo-La-Coruna-August-26-2017-La-Liga,2,2
LaLiga,2017-2018,2,Sat,2017-08-26,21:15,Las Palmas,1.3,0.5,Atlético Madrid,20384,Estadio de Gran Canaria,Ignacio Iglesias,https://fbref.com/en/matches/3c41e2e0/Las-Palmas-Atletico-Madrid-August-26-2017-La-Liga,1,5
LaLiga,2017-2018,2,Sun,2017-08-27,18:15,Espanyol,1.5,1.9,Leganés,18383,RCDE Stadium,Pablo González,https://fbref.com/en/matches/c7888c42/Espanyol-Leganes-August-27-2017-La-Liga,0,1
LaLiga,2017-2018,2,Sun,2017-08-27,18:15,Eibar,1.1,0.6,Athletic Club,5932,Estadio Municipal de Ipurúa,José Sánchez,https://fbref.com/en/matches/cdf1ec4d/Eibar-Athletic-Club-August-27-2017-La-Liga,0,1
LaLiga,2017-2018,2,Sun,2017-08-27,20:15,Getafe,1.8,1.0,Sevilla,10039,Coliseum Alfonso Pérez,Alberto Undiano,https://fbref.com/en/matches/72987477/Getafe-Sevilla-August-27-2017-La-Liga,0,1
LaLiga,2017-2018,2,Sun,2017-08-27,22:15,Real Madrid,3.0,1.4,Valencia,65107,Estadio Santiago Bernabéu,David Fernández,https://fbref.com/en/matches/d17b7fbb/Real-Madrid-Valencia-August-27-2017-La-Liga,2,2
LaLiga,2017-2018,3,Fri,2017-09-08,21:00,Leganés,1.5,0.5,Getafe,11454,Estadio Municipal de Butarque,Alfonso Álvarez,https://fbref.com/en/matches/0ef82d19/Leganes-Getafe-September-8-2017-La-Liga,1,2
LaLiga,2017-2018,3,Sat,2017-09-09,13:00,Real Madrid,2.1,0.7,Levante,67789,Estadio Santiago Bernabéu,Alejandro Hernández,https://fbref.com/en/matches/c638c636/Real-Madrid-Levante-September-9-2017-La-Liga,1,1
LaLiga,2017-2018,3,Sat,2017-09-09,16:15,Valencia,0.6,0.7,Atlético Madrid,43859,Estadio de Mestalla,José González,https://fbref.com/en/matches/fad580f6/Valencia-Atletico-Madrid-September-9-2017-La-Liga,0,0
LaLiga,2017-2018,3,Sat,2017-09-09,18:30,Sevilla,2.6,0.6,Eibar,32469,Estadio Ramón Sánchez Pizjuán,Antonio Matéu Lahoz,https://fbref.com/en/matches/9a1a3f68/Sevilla-Eibar-September-9-2017-La-Liga,3,0
LaLiga,2017-2018,3,Sat,2017-09-09,20:45,Barcelona,3.5,0.7,Espanyol,72857,Camp Nou,Jesús Gil,https://fbref.com/en/matches/0a7a9c6c/Barcelona-Espanyol-September-9-2017-La-Liga,5,0
LaLiga,2017-2018,3,Sun,2017-09-10,12:00,La Coruña,1.0,2.0,Real Sociedad,21942,Estadio Municipal de Riazor,José Munuera,https://fbref.com/en/matches/5fd36215/Deportivo-La-Coruna-Real-Sociedad-September-10-2017-La-Liga,2,4
LaLiga,2017-2018,3,Sun,2017-09-10,16:15,Athletic Club,1.0,0.5,Girona,39952,San Mamés,Daniel Trujillo,https://fbref.com/en/matches/6c40fefc/Athletic-Club-Girona-September-10-2017-La-Liga,2,0
LaLiga,2017-2018,3,Sun,2017-09-10,18:30,Celta Vigo,2.1,0.5,Alavés,17384,Estadio de Balaídos,Mario Melero,https://fbref.com/en/matches/2ed65fcd/Celta-Vigo-Alaves-September-10-2017-La-Liga,1,0
LaLiga,2017-2018,3,Sun,2017-09-10,20:45,Villarreal,1.5,0.7,Betis,18638,Estadio de la Cerámica,David Medié,https://fbref.com/en/matches/7800f4e8/Villarreal-Real-Betis-September-10-2017-La-Liga,3,1
LaLiga,2017-2018,3,Mon,2017-09-11,21:00,Málaga,0.7,1.3,Las Palmas,22697,Estadio La Rosaleda,Javier Estrada,https://fbref.com/en/matches/bb7db7a1/Malaga-Las-Palmas-September-11-2017-La-Liga,1,3
LaLiga,2017-2018,4,Fri,2017-09-15,21:00,Eibar,0.7,0.2,Leganés,4986,Estadio Municipal de Ipurúa,Juan Martínez,https://fbref.com/en/matches/bfadeec1/Eibar-Leganes-September-15-2017-La-Liga,1,0
LaLiga,2017-2018,4,Sat,2017-09-16,13:00,Levante,0.7,1.3,Valencia,23084,Estadio Ciudad de Valencia,Carlos del Cerro,https://fbref.com/en/matches/6887a569/Levante-Valencia-September-16-2017-La-Liga,1,1
LaLiga,2017-2018,4,Sat,2017-09-16,16:15,Getafe,1.2,0.6,Barcelona,15164,Coliseum Alfonso Pérez,David Fernández,https://fbref.com/en/matches/7c903548/Getafe-Barcelona-September-16-2017-La-Liga,1,2
LaLiga,2017-2018,4,Sat,2017-09-16,18:30,Betis,1.8,0.5,La Coruña,46174,Estadio Benito Villamarín,Alberto Undiano,https://fbref.com/en/matches/fbf7ef2f/Real-Betis-Deportivo-La-Coruna-September-16-2017-La-Liga,2,1
LaLiga,2017-2018,4,Sat,2017-09-16,20:45,Atlético Madrid,1.6,0.4,Málaga,63114,Estadio Wanda Metropolitano,José Sánchez,https://fbref.com/en/matches/3ba30679/Atletico-Madrid-Malaga-September-16-2017-La-Liga,1,0
LaLiga,2017-2018,4,Sun,2017-09-17,12:00,Alavés,0.4,1.6,Villarreal,18124,Estadio de Mendizorroza,Santiago Jaime,https://fbref.com/en/matches/11a8443f/Alaves-Villarreal-September-17-2017-La-Liga,0,3
LaLiga,2017-2018,4,Sun,2017-09-17,16:15,Girona,1.8,1.0,Sevilla,11032,Estadi Municipal de Montilivi,Ricardo de Burgos,https://fbref.com/en/matches/e95f6607/Girona-Sevilla-September-17-2017-La-Liga,0,1
LaLiga,2017-2018,4,Sun,2017-09-17,17:30,Las Palmas,0.9,1.3,Athletic Club,19213,Estadio de Gran Canaria,Pablo González,https://fbref.com/en/matches/8ba271d6/Las-Palmas-Athletic-Club-September-17-2017-La-Liga,1,0
LaLiga,2017-2018,4,Sun,2017-09-17,20:45,Real Sociedad,0.8,1.6,Real Madrid,24966,Estadio Municipal de Anoeta,Ignacio Iglesias,https://fbref.com/en/matches/bb6c8d3f/Real-Sociedad-Real-Madrid-September-17-2017-La-Liga,1,3
LaLiga,2017-2018,4,Mon,2017-09-18,21:00,Espanyol,0.9,1.0,Celta Vigo,15026,RCDE Stadium,Alberola Rojas,https://fbref.com/en/matches/cea3b36a/Espanyol-Celta-Vigo-September-18-2017-La-Liga,2,1
LaLiga,2017-2018,5,Tue,2017-09-19,20:00,Valencia,3.1,0.8,Málaga,36215,Estadio de Mestalla,Alfonso Álvarez,https://fbref.com/en/matches/abe15eb1/Valencia-Malaga-September-19-2017-La-Liga,5,0
LaLiga,2017-2018,5,Tue,2017-09-19,22:00,Barcelona,2.4,1.1,Eibar,51645,Camp Nou,Alejandro Hernández,https://fbref.com/en/matches/136d34cd/Barcelona-Eibar-September-19-2017-La-Liga,6,1
LaLiga,2017-2018,5,Wed,2017-09-20,20:00,Athletic Club,2.2,2.3,Atlético Madrid,43381,San Mamés,Javier Estrada,https://fbref.com/en/matches/ce9e5bc0/Athletic-Club-Atletico-Madrid-September-20-2017-La-Liga,1,2
LaLiga,2017-2018,5,Wed,2017-09-20,20:00,Leganés,0.9,0.7,Girona,9781,Estadio Municipal de Butarque,Mario Melero,https://fbref.com/en/matches/6fbb27cb/Leganes-Girona-September-20-2017-La-Liga,0,0
LaLiga,2017-2018,5,Wed,2017-09-20,21:00,La Coruña,2.1,0.6,Alavés,18518,Estadio Municipal de Riazor,David Medié,https://fbref.com/en/matches/fac5afd8/Deportivo-La-Coruna-Alaves-September-20-2017-La-Liga,1,0
LaLiga,2017-2018,5,Wed,2017-09-20,22:00,Real Madrid,3.1,0.8,Betis,65102,Estadio Santiago Bernabéu,Antonio Matéu Lahoz,https://fbref.com/en/matches/c0e103d7/Real-Madrid-Real-Betis-September-20-2017-La-Liga,0,1
LaLiga,2017-2018,5,Wed,2017-09-20,22:00,Sevilla,1.5,0.2,Las Palmas,35317,Estadio Ramón Sánchez Pizjuán,José González,https://fbref.com/en/matches/594a290a/Sevilla-Las-Palmas-September-20-2017-La-Liga,1,0
LaLiga,2017-2018,5,Thu,2017-09-21,20:00,Villarreal,1.3,0.7,Espanyol,17094,Estadio de la Cerámica,José Munuera,https://fbref.com/en/matches/79f1061e/Villarreal-Espanyol-September-21-2017-La-Liga,0,0
LaLiga,2017-2018,5,Thu,2017-09-21,21:00,Celta Vigo,0.6,0.9,Getafe,14700,Estadio de Balaídos,Daniel Trujillo,https://fbref.com/en/matches/18806eae/Celta-Vigo-Getafe-September-21-2017-La-Liga,1,1
LaLiga,2017-2018,5,Thu,2017-09-21,22:00,Levante,1.8,1.2,Real Sociedad,17415,Estadio Ciudad de Valencia,Jesús Gil,https://fbref.com/en/matches/fe03a95a/Levante-Real-Sociedad-September-21-2017-La-Liga,3,0
LaLiga,2017-2018,6,Sat,2017-09-23,13:00,Atlético Madrid,1.7,0.5,Sevilla,60823,Estadio Wanda Metropolitano,Juan Martínez,https://fbref.com/en/matches/5c8479f9/Atletico-Madrid-Sevilla-September-23-2017-La-Liga,2,0
LaLiga,2017-2018,6,Sat,2017-09-23,16:15,Alavés,0.7,3.1,Real Madrid,19159,Estadio de Mendizorroza,Alberto Undiano,https://fbref.com/en/matches/5cef43be/Alaves-Real-Madrid-September-23-2017-La-Liga,1,2
LaLiga,2017-2018,6,Sat,2017-09-23,18:30,Málaga,1.6,1.4,Athletic Club,23425,Estadio La Rosaleda,Carlos del Cerro,https://fbref.com/en/matches/7f68c554/Malaga-Athletic-Club-September-23-2017-La-Liga,3,3
LaLiga,2017-2018,6,Sat,2017-09-23,20:45,Girona,0.7,1.1,Barcelona,13305,Estadi Municipal de Montilivi,José Sánchez,https://fbref.com/en/matches/b2b4cd50/Girona-Barcelona-September-23-2017-La-Liga,0,3
LaLiga,2017-2018,6,Sun,2017-09-24,12:00,Espanyol,3.0,1.4,La Coruña,19585,RCDE Stadium,Ricardo de Burgos,https://fbref.com/en/matches/5a7b4dde/Espanyol-Deportivo-La-Coruna-September-24-2017-La-Liga,4,1
LaLiga,2017-2018,6,Sun,2017-09-24,16:15,Getafe,2.2,0.6,Villarreal,10874,Coliseum Alfonso Pérez,Ignacio Iglesias,https://fbref.com/en/matches/55fcc486/Getafe-Villarreal-September-24-2017-La-Liga,4,0
LaLiga,2017-2018,6,Sun,2017-09-24,17:30,Las Palmas,0.6,1.2,Leganés,17560,Estadio de Gran Canaria,Alberola Rojas,https://fbref.com/en/matches/2c4b90d2/Las-Palmas-Leganes-September-24-2017-La-Liga,0,2
LaLiga,2017-2018,6,Sun,2017-09-24,18:30,Eibar,0.8,1.4,Celta Vigo,5345,Estadio Municipal de Ipurúa,David Fernández,https://fbref.com/en/matches/69bd5311/Eibar-Celta-Vigo-September-24-2017-La-Liga,0,4
LaLiga,2017-2018,6,Sun,2017-09-24,20:45,Real Sociedad,0.8,1.8,Valencia,20266,Estadio Municipal de Anoeta,Santiago Jaime,https://fbref.com/en/matches/853a7c54/Real-Sociedad-Valencia-September-24-2017-La-Liga,2,3
LaLiga,2017-2018,6,Mon,2017-09-25,21:00,Betis,1.8,0.4,Levante,48237,Estadio Benito Villamarín,Pablo González,https://fbref.com/en/matches/db27465c/Real-Betis-Levante-September-25-2017-La-Liga,4,0
LaLiga,2017-2018,7,Fri,2017-09-29,21:00,Celta Vigo,2.3,1.7,Girona,16126,Estadio de Balaídos,Pablo González,https://fbref.com/en/matches/c86d3838/Celta-Vigo-Girona-September-29-2017-La-Liga,3,3
LaLiga,2017-2018,7,Sat,2017-09-30,13:00,La Coruña,2.0,1.3,Getafe,19323,Estadio Municipal de Riazor,Javier Estrada,https://fbref.com/en/matches/fdc9a821/Deportivo-La-Coruna-Getafe-September-30-2017-La-Liga,2,1
LaLiga,2017-2018,7,Sat,2017-09-30,16:15,Sevilla,1.7,0.5,Málaga,34430,Estadio Ramón Sánchez Pizjuán,Daniel Trujillo,https://fbref.com/en/matches/78e3228a/Sevilla-Malaga-September-30-2017-La-Liga,2,0
LaLiga,2017-2018,7,Sat,2017-09-30,18:30,Levante,0.7,2.2,Alavés,18528,Estadio Ciudad de Valencia,David Fernández,https://fbref.com/en/matches/0353dc1c/Levante-Alaves-September-30-2017-La-Liga,0,2
LaLiga,2017-2018,7,Sat,2017-09-30,20:45,Leganés,0.6,1.2,Atlético Madrid,11454,Estadio Municipal de Butarque,Jesús Gil,https://fbref.com/en/matches/3ca4e5c5/Leganes-Atletico-Madrid-September-30-2017-La-Liga,0,0
LaLiga,2017-2018,7,Sun,2017-10-01,12:00,Real Sociedad,1.8,2.0,Betis,19669,Estadio Municipal de Anoeta,Alfonso Álvarez,https://fbref.com/en/matches/d7582192/Real-Sociedad-Real-Betis-October-1-2017-La-Liga,4,4
LaLiga,2017-2018,7,Sun,2017-10-01,16:15,Barcelona,2.7,0.3,Las Palmas,,Camp Nou,José Munuera,https://fbref.com/en/matches/385ba984/Barcelona-Las-Palmas-October-1-2017-La-Liga,3,0
LaLiga,2017-2018,7,Sun,2017-10-01,18:30,Valencia,2.2,1.5,Athletic Club,42070,Estadio de Mestalla,Alejandro Hernández,https://fbref.com/en/matches/337897e5/Valencia-Athletic-Club-October-1-2017-La-Liga,3,2
LaLiga,2017-2018,7,Sun,2017-10-01,18:30,Villarreal,2.5,0.2,Eibar,17090,Estadio de la Cerámica,Mario Melero,https://fbref.com/en/matches/553eaed4/Villarreal-Eibar-October-1-2017-La-Liga,3,0
LaLiga,2017-2018,7,Sun,2017-10-01,20:45,Real Madrid,2.3,0.4,Espanyol,71205,Estadio Santiago Bernabéu,José González,https://fbref.com/en/matches/b40add9c/Real-Madrid-Espanyol-October-1-2017-La-Liga,2,0
LaLiga,2017-2018,8,Fri,2017-10-13,21:00,Espanyol,1.9,1.2,Levante,19365,RCDE Stadium,Alberto Undiano,https://fbref.com/en/matches/64375e66/Espanyol-Levante-October-13-2017-La-Liga,0,0
LaLiga,2017-2018,8,Sat,2017-10-14,13:00,Athletic Club,1.6,1.7,Sevilla,40197,San Mamés,Ignacio Iglesias,https://fbref.com/en/matches/a61a6e07/Athletic-Club-Sevilla-October-14-2017-La-Liga,1,0
LaLiga,2017-2018,8,Sat,2017-10-14,16:15,Getafe,1.3,1.6,Real Madrid,15350,Coliseum Alfonso Pérez,Juan Martínez,https://fbref.com/en/matches/a7bd3118/Getafe-Real-Madrid-October-14-2017-La-Liga,1,2
LaLiga,2017-2018,8,Sat,2017-10-14,18:30,Alavés,0.6,0.6,Real Sociedad,19840,Estadio de Mendizorroza,Alberola Rojas,https://fbref.com/en/matches/e0b6cb66/Alaves-Real-Sociedad-October-14-2017-La-Liga,0,2
LaLiga,2017-2018,8,Sat,2017-10-14,20:45,Atlético Madrid,0.5,1.2,Barcelona,64393,Estadio Wanda Metropolitano,Antonio Matéu Lahoz,https://fbref.com/en/matches/cda3fc16/Atletico-Madrid-Barcelona-October-14-2017-La-Liga,1,1
LaLiga,2017-2018,8,Sun,2017-10-15,12:00,Eibar,0.6,0.3,La Coruña,5125,Estadio Municipal de Ipurúa,Santiago Jaime,https://fbref.com/en/matches/20f957e2/Eibar-Deportivo-La-Coruna-October-15-2017-La-Liga,0,0
LaLiga,2017-2018,8,Sun,2017-10-15,16:15,Girona,1.5,0.9,Villarreal,9935,Estadi Municipal de Montilivi,Carlos del Cerro,https://fbref.com/en/matches/f126cf24/Girona-Villarreal-October-15-2017-La-Liga,1,2
LaLiga,2017-2018,8,Sun,2017-10-15,18:30,Málaga,0.6,2.0,Leganés,23951,Estadio La Rosaleda,José González,https://fbref.com/en/matches/d3eec700/Malaga-Leganes-October-15-2017-La-Liga,0,2
LaLiga,2017-2018,8,Sun,2017-10-15,20:45,Betis,2.4,1.8,Valencia,48792,Estadio Benito Villamarín,José Sánchez,https://fbref.com/en/matches/db5ea020/Real-Betis-Valencia-October-15-2017-La-Liga,3,6
LaLiga,2017-2018,8,Mon,2017-10-16,20:00,Las Palmas,2.3,1.2,Celta Vigo,15799,Estadio de Gran Canaria,David Medié,https://fbref.com/en/matches/6a45a610/Las-Palmas-Celta-Vigo-October-16-2017-La-Liga,2,5
LaLiga,2017-2018,9,Sat,2017-10-21,13:00,Levante,0.5,0.8,Getafe,18064,Estadio Ciudad de Valencia,Ricardo de Burgos,https://fbref.com/en/matches/6dc94e9d/Levante-Getafe-October-21-2017-La-Liga,1,1
LaLiga,2017-2018,9,Sat,2017-10-21,16:15,Betis,1.0,1.2,Alavés,49243,Estadio Benito Villamarín,Daniel Trujillo,https://fbref.com/en/matches/e312d342/Real-Betis-Alaves-October-21-2017-La-Liga,2,0
LaLiga,2017-2018,9,Sat,2017-10-21,18:30,Valencia,1.6,1.1,Sevilla,44307,Estadio de Mestalla,Javier Estrada,https://fbref.com/en/matches/1719672a/Valencia-Sevilla-October-21-2017-La-Liga,4,0
LaLiga,2017-2018,9,Sat,2017-10-21,20:45,Barcelona,1.6,0.8,Málaga,74397,Camp Nou,Pablo González,https://fbref.com/en/matches/830e300c/Barcelona-Malaga-October-21-2017-La-Liga,2,0
LaLiga,2017-2018,9,Sun,2017-10-22,12:00,Villarreal,2.5,1.1,Las Palmas,16606,Estadio de la Cerámica,David Fernández,https://fbref.com/en/matches/e1eb8cd3/Villarreal-Las-Palmas-October-22-2017-La-Liga,4,0
LaLiga,2017-2018,9,Sun,2017-10-22,16:15,Celta Vigo,1.2,0.6,Atlético Madrid,12978,Estadio de Balaídos,José Munuera,https://fbref.com/en/matches/ffa5bcb4/Celta-Vigo-Atletico-Madrid-October-22-2017-La-Liga,0,1
LaLiga,2017-2018,9,Sun,2017-10-22,18:30,Leganés,1.0,0.8,Athletic Club,11454,Estadio Municipal de Butarque,Antonio Matéu Lahoz,https://fbref.com/en/matches/e7cf2764/Leganes-Athletic-Club-October-22-2017-La-Liga,1,0
LaLiga,2017-2018,9,Sun,2017-10-22,20:45,Real Madrid,1.3,0.7,Eibar,66781,Estadio Santiago Bernabéu,Alfonso Álvarez,https://fbref.com/en/matches/a37fb252/Real-Madrid-Eibar-October-22-2017-La-Liga,3,0
LaLiga,2017-2018,9,Mon,2017-10-23,20:00,Real Sociedad,1.2,0.4,Espanyol,18515,Estadio Municipal de Anoeta,Mario Melero,https://fbref.com/en/matches/636fe862/Real-Sociedad-Espanyol-October-23-2017-La-Liga,1,1
LaLiga,2017-2018,9,Mon,2017-10-23,21:00,La Coruña,1.9,2.0,Girona,17463,Estadio Municipal de Riazor,Jesús Gil,https://fbref.com/en/matches/cd38591a/Deportivo-La-Coruna-Girona-October-23-2017-La-Liga,1,2
LaLiga,2017-2018,10,Sat,2017-10-28,13:00,Alavés,0.9,1.2,Valencia,18638,Estadio de Mendizorroza,José González,https://fbref.com/en/matches/b77bd988/Alaves-Valencia-October-28-2017-La-Liga,1,2
LaLiga,2017-2018,10,Sat,2017-10-28,18:30,Atlético Madrid,1.6,0.8,Villarreal,61421,Estadio Wanda Metropolitano,Alberto Undiano,https://fbref.com/en/matches/6ed939bc/Atletico-Madrid-Villarreal-October-28-2017-La-Liga,1,1
LaLiga,2017-2018,10,Sat,2017-10-28,20:45,Athletic Club,1.1,2.3,Barcelona,43570,San Mamés,Juan Martínez,https://fbref.com/en/matches/fb01e402/Athletic-Club-Barcelona-October-28-2017-La-Liga,0,2
LaLiga,2017-2018,10,Sat,2017-10-28,22:30,Sevilla,1.4,1.1,Leganés,32097,Estadio Ramón Sánchez Pizjuán,David Medié,https://fbref.com/en/matches/6f107e84/Sevilla-Leganes-October-28-2017-La-Liga,2,1
LaLiga,2017-2018,10,Sun,2017-10-29,12:00,Getafe,1.9,1.1,Real Sociedad,11010,Coliseum Alfonso Pérez,José Sánchez,https://fbref.com/en/matches/bf3c230c/Getafe-Real-Sociedad-October-29-2017-La-Liga,2,1
LaLiga,2017-2018,10,Sun,2017-10-29,16:15,Girona,1.7,1.4,Real Madrid,13382,Estadi Municipal de Montilivi,Alejandro Hernández,https://fbref.com/en/matches/491f1e5f/Girona-Real-Madrid-October-29-2017-La-Liga,2,1
LaLiga,2017-2018,10,Sun,2017-10-29,18:30,Eibar,1.6,1.0,Levante,5131,Estadio Municipal de Ipurúa,Alberola Rojas,https://fbref.com/en/matches/cb334706/Eibar-Levante-October-29-2017-La-Liga,2,2
LaLiga,2017-2018,10,Sun,2017-10-29,20:45,Málaga,1.8,1.5,Celta Vigo,19541,Estadio La Rosaleda,Santiago Jaime,https://fbref.com/en/matches/eace3317/Malaga-Celta-Vigo-October-29-2017-La-Liga,2,1
LaLiga,2017-2018,10,Mon,2017-10-30,20:00,Las Palmas,1.1,1.6,La Coruña,14805,Estadio de Gran Canaria,Carlos del Cerro,https://fbref.com/en/matches/64ac81bf/Las-Palmas-Deportivo-La-Coruna-October-30-2017-La-Liga,1,3
LaLiga,2017-2018,10,Mon,2017-10-30,21:00,Espanyol,0.6,0.5,Betis,17856,RCDE Stadium,Ignacio Iglesias,https://fbref.com/en/matches/755fb79b/Espanyol-Real-Betis-October-30-2017-La-Liga,1,0
LaLiga,2017-2018,11,Fri,2017-11-03,21:00,Betis,1.1,0.5,Getafe,42323,Estadio Benito Villamarín,Antonio Matéu Lahoz,https://fbref.com/en/matches/55dffb70/Real-Betis-Getafe-November-3-2017-La-Liga,2,2
LaLiga,2017-2018,11,Sat,2017-11-04,13:00,Valencia,2.2,1.0,Leganés,39694,Estadio de Mestalla,Ricardo de Burgos,https://fbref.com/en/matches/7e736cdf/Valencia-Leganes-November-4-2017-La-Liga,3,0
LaLiga,2017-2018,11,Sat,2017-11-04,16:15,La Coruña,0.5,0.5,Atlético Madrid,22733,Estadio Municipal de Riazor,Alfonso Álvarez,https://fbref.com/en/matches/1fe77224/Deportivo-La-Coruna-Atletico-Madrid-November-4-2017-La-Liga,0,1
LaLiga,2017-2018,11,Sat,2017-11-04,18:30,Alavés,1.6,1.3,Espanyol,19368,Estadio de Mendizorroza,Pablo González,https://fbref.com/en/matches/3c4e2598/Alaves-Espanyol-November-4-2017-La-Liga,1,0
LaLiga,2017-2018,11,Sat,2017-11-04,20:45,Barcelona,1.8,0.4,Sevilla,70723,Camp Nou,José González,https://fbref.com/en/matches/c69d4478/Barcelona-Sevilla-November-4-2017-La-Liga,2,1
LaLiga,2017-2018,11,Sun,2017-11-05,12:00,Levante,0.6,1.1,Girona,18324,Estadio Ciudad de Valencia,José Munuera,https://fbref.com/en/matches/85b00bd9/Levante-Girona-November-5-2017-La-Liga,1,2
LaLiga,2017-2018,11,Sun,2017-11-05,16:15,Celta Vigo,0.7,1.6,Athletic Club,19779,Estadio de Balaídos,Jesús Gil,https://fbref.com/en/matches/4441a0c5/Celta-Vigo-Athletic-Club-November-5-2017-La-Liga,3,1
LaLiga,2017-2018,11,Sun,2017-11-05,18:30,Real Sociedad,2.3,0.5,Eibar,20387,Estadio Municipal de Anoeta,Daniel Trujillo,https://fbref.com/en/matches/9b6482d0/Real-Sociedad-Eibar-November-5-2017-La-Liga,3,1
LaLiga,2017-2018,11,Sun,2017-11-05,18:30,Villarreal,0.9,0.8,Málaga,17755,Estadio de la Cerámica,Javier Estrada,https://fbref.com/en/matches/af13e42a/Villarreal-Malaga-November-5-2017-La-Liga,2,0
LaLiga,2017-2018,11,Sun,2017-11-05,20:45,Real Madrid,2.0,0.1,Las Palmas,67120,Estadio Santiago Bernabéu,José Sánchez,https://fbref.com/en/matches/c2d0af17/Real-Madrid-Las-Palmas-November-5-2017-La-Liga,3,0
LaLiga,2017-2018,12,Fri,2017-11-17,21:00,Girona,1.2,1.3,Real Sociedad,10136,Estadi Municipal de Montilivi,Ignacio Iglesias,https://fbref.com/en/matches/829270bb/Girona-Real-Sociedad-November-17-2017-La-Liga,1,1
LaLiga,2017-2018,12,Sat,2017-11-18,13:00,Getafe,2.5,0.6,Alavés,10014,Coliseum Alfonso Pérez,Santiago Jaime,https://fbref.com/en/matches/ef7d3c02/Getafe-Alaves-November-18-2017-La-Liga,4,1
LaLiga,2017-2018,12,Sat,2017-11-18,16:15,Leganés,1.1,1.9,Barcelona,11454,Estadio Municipal de Butarque,Alberto Undiano,https://fbref.com/en/matches/ce38f328/Leganes-Barcelona-November-18-2017-La-Liga,0,3
LaLiga,2017-2018,12,Sat,2017-11-18,18:30,Sevilla,1.3,1.7,Celta Vigo,35030,Estadio Ramón Sánchez Pizjuán,Carlos del Cerro,https://fbref.com/en/matches/1d3c0d05/Sevilla-Celta-Vigo-November-18-2017-La-Liga,2,1
LaLiga,2017-2018,12,Sat,2017-11-18,20:45,Atlético Madrid,1.1,1.2,Real Madrid,66496,Estadio Wanda Metropolitano,David Fernández,https://fbref.com/en/matches/f2bd4b0b/El-Derbi-Madrileno-Atletico-Madrid-Real-Madrid-November-18-2017-La-Liga,0,0
LaLiga,2017-2018,12,Sun,2017-11-19,12:00,Málaga,1.8,1.6,La Coruña,24563,Estadio La Rosaleda,Juan Martínez,https://fbref.com/en/matches/64b294ca/Malaga-Deportivo-La-Coruna-November-19-2017-La-Liga,3,2
LaLiga,2017-2018,12,Sun,2017-11-19,16:15,Espanyol,1.8,0.8,Valencia,25529,RCDE Stadium,Alejandro Hernández,https://fbref.com/en/matches/a767a0db/Espanyol-Valencia-November-19-2017-La-Liga,0,2
LaLiga,2017-2018,12,Sun,2017-11-19,17:30,Las Palmas,0.5,0.6,Levante,26212,Estadio de Gran Canaria,Mario Melero,https://fbref.com/en/matches/b42fc710/Las-Palmas-Levante-November-19-2017-La-Liga,0,2
LaLiga,2017-2018,12,Sun,2017-11-19,20:45,Athletic Club,1.7,1.7,Villarreal,36666,San Mamés,David Medié,https://fbref.com/en/matches/c8dc115b/Athletic-Club-Villarreal-November-19-2017-La-Liga,1,1
LaLiga,2017-2018,12,Mon,2017-11-20,21:00,Eibar,1.8,0.9,Betis,4638,Estadio Municipal de Ipurúa,José González,https://fbref.com/en/matches/8c782143/Eibar-Real-Betis-November-20-2017-La-Liga,5,0
LaLiga,2017-2018,13,Fri,2017-11-24,21:00,Celta Vigo,1.7,0.8,Leganés,10611,Estadio de Balaídos,Alejandro Hernández,https://fbref.com/en/matches/34f88148/Celta-Vigo-Leganes-November-24-2017-La-Liga,1,0
LaLiga,2017-2018,13,Sat,2017-11-25,13:00,Alavés,0.5,0.7,Eibar,19272,Estadio de Mendizorroza,José Munuera,https://fbref.com/en/matches/ba84e7fa/Alaves-Eibar-November-25-2017-La-Liga,1,2
LaLiga,2017-2018,13,Sat,2017-11-25,16:15,Real Madrid,2.7,0.4,Málaga,75671,Estadio Santiago Bernabéu,Jesús Gil,https://fbref.com/en/matches/3ff17d40/Real-Madrid-Malaga-November-25-2017-La-Liga,3,2
LaLiga,2017-2018,13,Sat,2017-11-25,18:30,Betis,1.1,1.5,Girona,45681,Estadio Benito Villamarín,Carlos del Cerro,https://fbref.com/en/matches/62298eba/Real-Betis-Girona-November-25-2017-La-Liga,2,2
LaLiga,2017-2018,13,Sat,2017-11-25,20:45,Levante,1.6,3.0,Atlético Madrid,21549,Estadio Ciudad de Valencia,Daniel Trujillo,https://fbref.com/en/matches/129b6e9d/Levante-Atletico-Madrid-November-25-2017-La-Liga,0,5
LaLiga,2017-2018,13,Sun,2017-11-26,12:00,La Coruña,1.8,1.1,Athletic Club,20879,Estadio Municipal de Riazor,José González,https://fbref.com/en/matches/767d09f8/Deportivo-La-Coruna-Athletic-Club-November-26-2017-La-Liga,2,2
LaLiga,2017-2018,13,Sun,2017-11-26,16:15,Real Sociedad,2.3,1.6,Las Palmas,19780,Estadio Municipal de Anoeta,Pablo González,https://fbref.com/en/matches/94ff7e82/Real-Sociedad-Las-Palmas-November-26-2017-La-Liga,2,2
LaLiga,2017-2018,13,Sun,2017-11-26,18:30,Villarreal,2.6,1.8,Sevilla,18698,Estadio de la Cerámica,Alberola Rojas,https://fbref.com/en/matches/9c0f2915/Villarreal-Sevilla-November-26-2017-La-Liga,2,3
LaLiga,2017-2018,13,Sun,2017-11-26,20:45,Valencia,1.1,0.8,Barcelona,47775,Estadio de Mestalla,Ignacio Iglesias,https://fbref.com/en/matches/d70a0109/Valencia-Barcelona-November-26-2017-La-Liga,1,1
LaLiga,2017-2018,13,Mon,2017-11-27,21:00,Espanyol,0.7,0.9,Getafe,11756,RCDE Stadium,Juan Martínez,https://fbref.com/en/matches/b24b2203/Espanyol-Getafe-November-27-2017-La-Liga,1,0
LaLiga,2017-2018,14,Fri,2017-12-01,21:00,Málaga,1.1,0.4,Levante,17886,Estadio La Rosaleda,Ricardo de Burgos,https://fbref.com/en/matches/d06fefe3/Malaga-Levante-December-1-2017-La-Liga,0,0
LaLiga,2017-2018,14,Sat,2017-12-02,13:00,Barcelona,3.0,1.4,Celta Vigo,63208,Camp Nou,Mario Melero,https://fbref.com/en/matches/3985911a/Barcelona-Celta-Vigo-December-2-2017-La-Liga,2,2
LaLiga,2017-2018,14,Sat,2017-12-02,16:15,Atlético Madrid,2.7,1.7,Real Sociedad,57394,Estadio Wanda Metropolitano,Santiago Jaime,https://fbref.com/en/matches/4e23f6b3/Atletico-Madrid-Real-Sociedad-December-2-2017-La-Liga,2,1
LaLiga,2017-2018,14,Sat,2017-12-02,18:30,Sevilla,1.4,1.1,La Coruña,32017,Estadio Ramón Sánchez Pizjuán,José Sánchez,https://fbref.com/en/matches/0096958b/Sevilla-Deportivo-La-Coruna-December-2-2017-La-Liga,2,0
LaLiga,2017-2018,14,Sat,2017-12-02,20:45,Athletic Club,1.0,1.1,Real Madrid,44884,San Mamés,Antonio Matéu Lahoz,https://fbref.com/en/matches/a199d995/Athletic-Club-Real-Madrid-December-2-2017-La-Liga,0,0
LaLiga,2017-2018,14,Sun,2017-12-03,12:00,Leganés,2.0,1.1,Villarreal,10017,Estadio Municipal de Butarque,David Fernández,https://fbref.com/en/matches/93eb7fbf/Leganes-Villarreal-December-3-2017-La-Liga,3,1
LaLiga,2017-2018,14,Sun,2017-12-03,16:15,Getafe,0.8,0.8,Valencia,12480,Coliseum Alfonso Pérez,David Medié,https://fbref.com/en/matches/f74469de/Getafe-Valencia-December-3-2017-La-Liga,1,0
LaLiga,2017-2018,14,Sun,2017-12-03,18:30,Eibar,1.9,0.4,Espanyol,4693,Estadio Municipal de Ipurúa,Alberto Undiano,https://fbref.com/en/matches/5a21756c/Eibar-Espanyol-December-3-2017-La-Liga,3,1
LaLiga,2017-2018,14,Sun,2017-12-03,19:45,Las Palmas,2.4,0.3,Betis,16313,Estadio de Gran Canaria,Javier Estrada,https://fbref.com/en/matches/43bb3c63/Las-Palmas-Real-Betis-December-3-2017-La-Liga,1,0
LaLiga,2017-2018,14,Mon,2017-12-04,21:00,Girona,0.5,1.4,Alavés,7316,Estadi Municipal de Montilivi,Alberola Rojas,https://fbref.com/en/matches/afcaee90/Girona-Alaves-December-4-2017-La-Liga,2,3
LaLiga,2017-2018,15,Fri,2017-12-08,21:00,Alavés,2.9,0.2,Las Palmas,18567,Estadio de Mendizorroza,David Medié,https://fbref.com/en/matches/bd206313/Alaves-Las-Palmas-December-8-2017-La-Liga,2,0
LaLiga,2017-2018,15,Sat,2017-12-09,13:00,Getafe,0.6,0.9,Eibar,9317,Coliseum Alfonso Pérez,Alberola Rojas,https://fbref.com/en/matches/9c29635d/Getafe-Eibar-December-9-2017-La-Liga,0,0
LaLiga,2017-2018,15,Sat,2017-12-09,16:15,Real Madrid,3.5,0.5,Sevilla,76924,Estadio Santiago Bernabéu,Juan Martínez,https://fbref.com/en/matches/cba3fd96/Real-Madrid-Sevilla-December-9-2017-La-Liga,5,0
LaLiga,2017-2018,15,Sat,2017-12-09,18:30,La Coruña,1.4,0.1,Leganés,18366,Estadio Municipal de Riazor,Mario Melero,https://fbref.com/en/matches/beaae485/Deportivo-La-Coruna-Leganes-December-9-2017-La-Liga,1,0
LaLiga,2017-2018,15,Sat,2017-12-09,20:45,Valencia,1.6,0.9,Celta Vigo,35633,Estadio de Mestalla,José Munuera,https://fbref.com/en/matches/231cce02/Valencia-Celta-Vigo-December-9-2017-La-Liga,2,1
LaLiga,2017-2018,15,Sun,2017-12-10,12:00,Real Sociedad,1.6,1.7,Málaga,16834,Estadio Municipal de Anoeta,Carlos del Cerro,https://fbref.com/en/matches/fd031003/Real-Sociedad-Malaga-December-10-2017-La-Liga,0,2
LaLiga,2017-2018,15,Sun,2017-12-10,16:15,Betis,0.5,0.4,Atlético Madrid,45517,Estadio Benito Villamarín,Alejandro Hernández,https://fbref.com/en/matches/e2b8a832/Real-Betis-Atletico-Madrid-December-10-2017-La-Liga,0,1
LaLiga,2017-2018,15,Sun,2017-12-10,18:30,Levante,0.9,1.8,Athletic Club,18005,Estadio Ciudad de Valencia,Javier Estrada,https://fbref.com/en/matches/f2e45d3e/Levante-Athletic-Club-December-10-2017-La-Liga,1,2
LaLiga,2017-2018,15,Sun,2017-12-10,20:45,Villarreal,0.7,2.9,Barcelona,21087,Estadio de la Cerámica,Ricardo de Burgos,https://fbref.com/en/matches/3e2d9b2f/Villarreal-Barcelona-December-10-2017-La-Liga,0,2
LaLiga,2017-2018,15,Mon,2017-12-11,21:00,Espanyol,0.4,1.0,Girona,13846,RCDE Stadium,José González,https://fbref.com/en/matches/f2bb6c68/Espanyol-Girona-December-11-2017-La-Liga,0,1
LaLiga,2017-2018,16,Fri,2017-12-15,21:00,Sevilla,1.9,1.7,Levante,25934,Estadio Ramón Sánchez Pizjuán,Ignacio Iglesias,https://fbref.com/en/matches/d73058f9/Sevilla-Levante-December-15-2017-La-Liga,0,0
LaLiga,2017-2018,16,Sat,2017-12-16,16:15,Athletic Club,0.7,1.0,Real Sociedad,45504,San Mamés,David Fernández,https://fbref.com/en/matches/c3911176/Athletic-Club-Real-Sociedad-December-16-2017-La-Liga,0,0
LaLiga,2017-2018,16,Sat,2017-12-16,18:30,Eibar,1.1,1.4,Valencia,5219,Estadio Municipal de Ipurúa,Pablo González,https://fbref.com/en/matches/f90e0bc2/Eibar-Valencia-December-16-2017-La-Liga,2,1
LaLiga,2017-2018,16,Sat,2017-12-16,20:45,Atlético Madrid,1.2,0.5,Alavés,49937,Estadio Wanda Metropolitano,Jesús Gil,https://fbref.com/en/matches/d413d44b/Atletico-Madrid-Alaves-December-16-2017-La-Liga,1,0
LaLiga,2017-2018,16,Sun,2017-12-17,12:00,Girona,0.3,0.3,Getafe,10095,Estadi Municipal de Montilivi,Alberto Undiano,https://fbref.com/en/matches/ba6faf08/Girona-Getafe-December-17-2017-La-Liga,1,0
LaLiga,2017-2018,16,Sun,2017-12-17,16:15,Celta Vigo,0.9,0.8,Villarreal,18215,Estadio de Balaídos,Javier Estrada,https://fbref.com/en/matches/22e42049/Celta-Vigo-Villarreal-December-17-2017-La-Liga,0,1
LaLiga,2017-2018,16,Sun,2017-12-17,17:30,Las Palmas,1.6,1.8,Espanyol,14020,Estadio de Gran Canaria,José Sánchez,https://fbref.com/en/matches/b7ae04a4/Las-Palmas-Espanyol-December-17-2017-La-Liga,2,2
LaLiga,2017-2018,16,Sun,2017-12-17,20:45,Barcelona,5.5,0.4,La Coruña,53607,Camp Nou,Antonio Matéu Lahoz,https://fbref.com/en/matches/081b6061/Barcelona-Deportivo-La-Coruna-December-17-2017-La-Liga,4,0
LaLiga,2017-2018,16,Mon,2017-12-18,21:00,Málaga,1.0,0.9,Betis,22488,Estadio La Rosaleda,Alberola Rojas,https://fbref.com/en/matches/bd3853d3/Malaga-Real-Betis-December-18-2017-La-Liga,0,2
LaLiga,2017-2018,17,Tue,2017-12-19,21:30,Levante,0.9,0.4,Leganés,14639,Estadio Ciudad de Valencia,Santiago Jaime,https://fbref.com/en/matches/503d99bb/Levante-Leganes-December-19-2017-La-Liga,0,0
LaLiga,2017-2018,17,Wed,2017-12-20,19:30,Getafe,2.4,2.7,Las Palmas,9231,Coliseum Alfonso Pérez,Ricardo de Burgos,https://fbref.com/en/matches/62401295/Getafe-Las-Palmas-December-20-2017-La-Liga,2,0
LaLiga,2017-2018,17,Wed,2017-12-20,21:30,Real Sociedad,1.4,0.4,Sevilla,17205,Estadio Municipal de Anoeta,Alejandro Hernández,https://fbref.com/en/matches/21098c4b/Real-Sociedad-Sevilla-December-20-2017-La-Liga,3,1
LaLiga,2017-2018,17,Thu,2017-12-21,19:30,Eibar,2.0,0.4,Girona,4867,Estadio Municipal de Ipurúa,Ignacio Iglesias,https://fbref.com/en/matches/2e24a9b7/Eibar-Girona-December-21-2017-La-Liga,4,1
LaLiga,2017-2018,17,Thu,2017-12-21,21:30,Alavés,2.0,0.5,Málaga,18733,Estadio de Mendizorroza,Alfonso Álvarez,https://fbref.com/en/matches/227f2241/Alaves-Malaga-December-21-2017-La-Liga,1,0
LaLiga,2017-2018,17,Fri,2017-12-22,19:30,Betis,1.0,2.5,Athletic Club,42713,Estadio Benito Villamarín,Juan Martínez,https://fbref.com/en/matches/a4a836ee/Real-Betis-Athletic-Club-December-22-2017-La-Liga,0,2
LaLiga,2017-2018,17,Fri,2017-12-22,21:30,Espanyol,0.7,0.5,Atlético Madrid,19327,RCDE Stadium,Mario Melero,https://fbref.com/en/matches/0137e9d1/Espanyol-Atletico-Madrid-December-22-2017-La-Liga,1,0
LaLiga,2017-2018,17,Sat,2017-12-23,13:00,Real Madrid,1.0,2.5,Barcelona,80264,Estadio Santiago Bernabéu,José Sánchez,https://fbref.com/en/matches/8149570c/El-Clasico-Real-Madrid-Barcelona-December-23-2017-La-Liga,0,3
LaLiga,2017-2018,17,Sat,2017-12-23,16:15,Valencia,1.9,0.9,Villarreal,39181,Estadio de Mestalla,Daniel Trujillo,https://fbref.com/en/matches/eed6157d/Valencia-Villarreal-December-23-2017-La-Liga,0,1
LaLiga,2017-2018,17,Sat,2017-12-23,18:30,La Coruña,1.1,1.3,Celta Vigo,27877,Estadio Municipal de Riazor,Alberto Undiano,https://fbref.com/en/matches/4a69ac75/Deportivo-La-Coruna-Celta-Vigo-December-23-2017-La-Liga,1,3
LaLiga,2017-2018,18,Sat,2018-01-06,13:00,Atlético Madrid,1.1,0.7,Getafe,47023,Estadio Wanda Metropolitano,José Munuera,https://fbref.com/en/matches/19d47df8/Atletico-Madrid-Getafe-January-6-2018-La-Liga,2,0
LaLiga,2017-2018,18,Sat,2018-01-06,16:15,Valencia,1.9,1.0,Girona,27749,Estadio de Mestalla,David Fernández,https://fbref.com/en/matches/4477e9e5/Valencia-Girona-January-6-2018-La-Liga,2,1
LaLiga,2017-2018,18,Sat,2018-01-06,17:30,Las Palmas,1.0,1.5,Eibar,12059,Estadio de Gran Canaria,José González,https://fbref.com/en/matches/16610941/Las-Palmas-Eibar-January-6-2018-La-Liga,1,2
LaLiga,2017-2018,18,Sat,2018-01-06,20:45,Sevilla,1.3,1.8,Betis,40282,Estadio Ramón Sánchez Pizjuán,Jesús Gil,https://fbref.com/en/matches/88635ea8/Sevilla-Real-Betis-January-6-2018-La-Liga,3,5
LaLiga,2017-2018,18,Sun,2018-01-07,12:00,Leganés,1.2,0.7,Real Sociedad,7523,Estadio Municipal de Butarque,Javier Estrada,https://fbref.com/en/matches/709aae29/Leganes-Real-Sociedad-January-7-2018-La-Liga,1,0
LaLiga,2017-2018,18,Sun,2018-01-07,16:15,Barcelona,1.9,0.9,Levante,56380,Camp Nou,Carlos del Cerro,https://fbref.com/en/matches/c55a6760/Barcelona-Levante-January-7-2018-La-Liga,3,0
LaLiga,2017-2018,18,Sun,2018-01-07,18:30,Villarreal,1.3,1.0,La Coruña,15442,Estadio de la Cerámica,David Medié,https://fbref.com/en/matches/3ef898d7/Villarreal-Deportivo-La-Coruna-January-7-2018-La-Liga,1,1
LaLiga,2017-2018,18,Sun,2018-01-07,18:30,Athletic Club,1.8,0.2,Alavés,41000,San Mamés,Pablo González,https://fbref.com/en/matches/ffa35cf0/Athletic-Club-Alaves-January-7-2018-La-Liga,2,0
LaLiga,2017-2018,18,Sun,2018-01-07,20:45,Celta Vigo,1.9,1.7,Real Madrid,20872,Estadio de Balaídos,Santiago Jaime,https://fbref.com/en/matches/436885b1/Celta-Vigo-Real-Madrid-January-7-2018-La-Liga,2,2
LaLiga,2017-2018,18,Mon,2018-01-08,21:00,Málaga,1.2,0.5,Espanyol,12149,Estadio La Rosaleda,Antonio Matéu Lahoz,https://fbref.com/en/matches/07cefee6/Malaga-Espanyol-January-8-2018-La-Liga,0,1
LaLiga,2017-2018,19,Fri,2018-01-12,21:00,Getafe,0.5,0.5,Málaga,9513,Coliseum Alfonso Pérez,Juan Martínez,https://fbref.com/en/matches/5ca356e8/Getafe-Malaga-January-12-2018-La-Liga,1,0
LaLiga,2017-2018,19,Sat,2018-01-13,13:00,Girona,3.6,0.2,Las Palmas,10037,Estadi Municipal de Montilivi,Mario Melero,https://fbref.com/en/matches/b4128bfc/Girona-Las-Palmas-January-13-2018-La-Liga,6,0
LaLiga,2017-2018,19,Sat,2018-01-13,16:15,Real Madrid,2.8,1.4,Villarreal,63403,Estadio Santiago Bernabéu,Alberto Undiano,https://fbref.com/en/matches/aabd31e6/Real-Madrid-Villarreal-January-13-2018-La-Liga,0,1
LaLiga,2017-2018,19,Sat,2018-01-13,18:30,Eibar,0.9,1.1,Atlético Madrid,6186,Estadio Municipal de Ipurúa,Antonio Matéu Lahoz,https://fbref.com/en/matches/d975268b/Eibar-Atletico-Madrid-January-13-2018-La-Liga,0,1
LaLiga,2017-2018,19,Sat,2018-01-13,20:45,La Coruña,1.7,0.5,Valencia,19031,Estadio Municipal de Riazor,Alberola Rojas,https://fbref.com/en/matches/1639b1b8/Deportivo-La-Coruna-Valencia-January-13-2018-La-Liga,1,2
LaLiga,2017-2018,19,Sun,2018-01-14,12:00,Levante,1.4,0.2,Celta Vigo,17007,Estadio Ciudad de Valencia,Alfonso Álvarez,https://fbref.com/en/matches/6e192624/Levante-Celta-Vigo-January-14-2018-La-Liga,0,1
LaLiga,2017-2018,19,Sun,2018-01-14,16:15,Alavés,0.4,0.6,Sevilla,19413,Estadio de Mendizorroza,José Sánchez,https://fbref.com/en/matches/ac2e8aa9/Alaves-Sevilla-January-14-2018-La-Liga,1,0
LaLiga,2017-2018,19,Sun,2018-01-14,18:30,Espanyol,1.4,0.7,Athletic Club,20228,RCDE Stadium,Daniel Trujillo,https://fbref.com/en/matches/eeac1cb2/Espanyol-Athletic-Club-January-14-2018-La-Liga,1,1
LaLiga,2017-2018,19,Sun,2018-01-14,20:45,Real Sociedad,0.8,1.3,Barcelona,23277,Estadio Municipal de Anoeta,José González,https://fbref.com/en/matches/df31b840/Real-Sociedad-Barcelona-January-14-2018-La-Liga,2,4
LaLiga,2017-2018,19,Mon,2018-01-15,21:00,Betis,2.1,1.9,Leganés,41777,Estadio Benito Villamarín,Ignacio Iglesias,https://fbref.com/en/matches/313de8db/Real-Betis-Leganes-January-15-2018-La-Liga,3,2
LaLiga,2017-2018,20,Fri,2018-01-19,21:00,Getafe,3.4,1.2,Athletic Club,11457,Coliseum Alfonso Pérez,Jesús Gil,https://fbref.com/en/matches/8b3f499e/Getafe-Athletic-Club-January-19-2018-La-Liga,2,2
LaLiga,2017-2018,20,Sat,2018-01-20,13:00,Espanyol,1.4,1.3,Sevilla,19607,RCDE Stadium,Alberto Undiano,https://fbref.com/en/matches/ab639872/Espanyol-Sevilla-January-20-2018-La-Liga,0,3
LaLiga,2017-2018,20,Sat,2018-01-20,16:15,Atlético Madrid,1.3,0.6,Girona,55076,Estadio Wanda Metropolitano,Ricardo de Burgos,https://fbref.com/en/matches/35e28402/Atletico-Madrid-Girona-January-20-2018-La-Liga,1,1
LaLiga,2017-2018,20,Sat,2018-01-20,18:30,Villarreal,2.9,1.3,Levante,16773,Estadio de la Cerámica,José González,https://fbref.com/en/matches/6f86cff0/Villarreal-Levante-January-20-2018-La-Liga,2,1
LaLiga,2017-2018,20,Sat,2018-01-20,19:45,Las Palmas,2.6,1.8,Valencia,20242,Estadio de Gran Canaria,José Munuera,https://fbref.com/en/matches/017d1466/Las-Palmas-Valencia-January-20-2018-La-Liga,2,1
LaLiga,2017-2018,20,Sun,2018-01-21,12:00,Alavés,2.5,1.4,Leganés,19637,Estadio de Mendizorroza,Daniel Trujillo,https://fbref.com/en/matches/ba1dafe2/Alaves-Leganes-January-21-2018-La-Liga,2,2
LaLiga,2017-2018,20,Sun,2018-01-21,16:15,Real Madrid,3.2,1.8,La Coruña,63504,Estadio Santiago Bernabéu,David Fernández,https://fbref.com/en/matches/1b1a1215/Real-Madrid-Deportivo-La-Coruna-January-21-2018-La-Liga,7,1
LaLiga,2017-2018,20,Sun,2018-01-21,18:30,Real Sociedad,1.8,1.7,Celta Vigo,19081,Estadio Municipal de Anoeta,Antonio Matéu Lahoz,https://fbref.com/en/matches/d3d840d8/Real-Sociedad-Celta-Vigo-January-21-2018-La-Liga,1,2
LaLiga,2017-2018,20,Sun,2018-01-21,20:45,Betis,0.4,2.4,Barcelona,53426,Estadio Benito Villamarín,Santiago Jaime,https://fbref.com/en/matches/ab35eb71/Real-Betis-Barcelona-January-21-2018-La-Liga,0,5
LaLiga,2017-2018,20,Mon,2018-01-22,21:00,Eibar,1.7,1.3,Málaga,4520,Estadio Municipal de Ipurúa,David Medié,https://fbref.com/en/matches/2e387361/Eibar-Malaga-January-22-2018-La-Liga,1,1
LaLiga,2017-2018,21,Fri,2018-01-26,21:00,Athletic Club,1.3,1.0,Eibar,39331,San Mamés,Mario Melero,https://fbref.com/en/matches/1145a695/Athletic-Club-Eibar-January-26-2018-La-Liga,1,1
LaLiga,2017-2018,21,Sat,2018-01-27,13:00,La Coruña,1.0,0.8,Levante,19973,Estadio Municipal de Riazor,Pablo González,https://fbref.com/en/matches/0ed70cb6/Deportivo-La-Coruna-Levante-January-27-2018-La-Liga,2,2
LaLiga,2017-2018,21,Sat,2018-01-27,16:15,Valencia,1.7,2.9,Real Madrid,47034,Estadio de Mestalla,Javier Estrada,https://fbref.com/en/matches/43c6ec4c/Valencia-Real-Madrid-January-27-2018-La-Liga,1,4
LaLiga,2017-2018,21,Sat,2018-01-27,18:30,Málaga,0.5,0.6,Girona,22125,Estadio La Rosaleda,Alberto Undiano,https://fbref.com/en/matches/142a971e/Malaga-Girona-January-27-2018-La-Liga,0,0
LaLiga,2017-2018,21,Sat,2018-01-27,20:45,Villarreal,1.3,1.2,Real Sociedad,15052,Estadio de la Cerámica,Carlos del Cerro,https://fbref.com/en/matches/08461fb7/Villarreal-Real-Sociedad-January-27-2018-La-Liga,4,2
LaLiga,2017-2018,21,Sun,2018-01-28,12:00,Leganés,0.6,1.5,Espanyol,10132,Estadio Municipal de Butarque,Juan Martínez,https://fbref.com/en/matches/303ff8aa/Leganes-Espanyol-January-28-2018-La-Liga,3,2
LaLiga,2017-2018,21,Sun,2018-01-28,16:15,Atlético Madrid,2.4,0.4,Las Palmas,55363,Estadio Wanda Metropolitano,Alfonso Álvarez,https://fbref.com/en/matches/99cc9bef/Atletico-Madrid-Las-Palmas-January-28-2018-La-Liga,3,0
LaLiga,2017-2018,21,Sun,2018-01-28,18:30,Sevilla,1.7,0.6,Getafe,34011,Estadio Ramón Sánchez Pizjuán,Alberola Rojas,https://fbref.com/en/matches/874137a4/Sevilla-Getafe-January-28-2018-La-Liga,1,1
LaLiga,2017-2018,21,Sun,2018-01-28,20:45,Barcelona,1.8,0.6,Alavés,62369,Camp Nou,Ignacio Iglesias,https://fbref.com/en/matches/8e1c406c/Barcelona-Alaves-January-28-2018-La-Liga,2,1
LaLiga,2017-2018,21,Mon,2018-01-29,21:00,Celta Vigo,1.9,1.3,Betis,14667,Estadio de Balaídos,José Sánchez,https://fbref.com/en/matches/3d5bce8e/Celta-Vigo-Real-Betis-January-29-2018-La-Liga,3,2
LaLiga,2017-2018,22,Fri,2018-02-02,21:00,Real Sociedad,2.9,0.3,La Coruña,15626,Estadio Municipal de Anoeta,Alberto Undiano,https://fbref.com/en/matches/4f66fdce/Real-Sociedad-Deportivo-La-Coruna-February-2-2018-La-Liga,5,0
LaLiga,2017-2018,22,Sat,2018-02-03,13:00,Eibar,1.7,1.5,Sevilla,5311,Estadio Municipal de Ipurúa,Daniel Trujillo,https://fbref.com/en/matches/293a56f1/Eibar-Sevilla-February-3-2018-La-Liga,5,1
LaLiga,2017-2018,22,Sat,2018-02-03,16:15,Betis,0.8,1.6,Villarreal,50102,Estadio Benito Villamarín,Alberola Rojas,https://fbref.com/en/matches/4125c6dc/Real-Betis-Villarreal-February-3-2018-La-Liga,2,1
LaLiga,2017-2018,22,Sat,2018-02-03,18:30,Alavés,0.7,1.5,Celta Vigo,19437,Estadio de Mendizorroza,Juan Martínez,https://fbref.com/en/matches/aa570063/Alaves-Celta-Vigo-February-3-2018-La-Liga,2,1
LaLiga,2017-2018,22,Sat,2018-02-03,20:45,Levante,1.1,2.0,Real Madrid,23542,Estadio Ciudad de Valencia,Mario Melero,https://fbref.com/en/matches/742e0498/Levante-Real-Madrid-February-3-2018-La-Liga,2,2
LaLiga,2017-2018,22,Sun,2018-02-04,12:00,Getafe,1.0,0.1,Leganés,10657,Coliseum Alfonso Pérez,Alfonso Álvarez,https://fbref.com/en/matches/ad17ad24/Getafe-Leganes-February-4-2018-La-Liga,0,0
LaLiga,2017-2018,22,Sun,2018-02-04,16:15,Espanyol,0.6,0.7,Barcelona,23287,RCDE Stadium,Jesús Gil,https://fbref.com/en/matches/79bbc767/Espanyol-Barcelona-February-4-2018-La-Liga,1,1
LaLiga,2017-2018,22,Sun,2018-02-04,18:30,Girona,1.9,0.5,Athletic Club,9602,Estadi Municipal de Montilivi,José Munuera,https://fbref.com/en/matches/74d79efa/Girona-Athletic-Club-February-4-2018-La-Liga,2,0
LaLiga,2017-2018,22,Sun,2018-02-04,20:45,Atlético Madrid,0.5,0.6,Valencia,49596,Estadio Wanda Metropolitano,Ignacio Iglesias,https://fbref.com/en/matches/98cf6c7c/Atletico-Madrid-Valencia-February-4-2018-La-Liga,1,0
LaLiga,2017-2018,22,Mon,2018-02-05,20:00,Las Palmas,0.3,0.5,Málaga,17424,Estadio de Gran Canaria,Ricardo de Burgos,https://fbref.com/en/matches/ee7cc5cc/Las-Palmas-Malaga-February-5-2018-La-Liga,1,0
LaLiga,2017-2018,23,Fri,2018-02-09,21:00,Athletic Club,0.9,0.4,Las Palmas,33679,San Mamés,Javier Estrada,https://fbref.com/en/matches/98d46d57/Athletic-Club-Las-Palmas-February-9-2018-La-Liga,0,0
LaLiga,2017-2018,23,Sat,2018-02-10,13:00,Villarreal,2.0,0.9,Alavés,14984,Estadio de la Cerámica,Daniel Trujillo,https://fbref.com/en/matches/23138cea/Villarreal-Alaves-February-10-2018-La-Liga,1,2
LaLiga,2017-2018,23,Sat,2018-02-10,16:15,Málaga,0.3,0.5,Atlético Madrid,25482,Estadio La Rosaleda,José Sánchez,https://fbref.com/en/matches/c0ad83ad/Malaga-Atletico-Madrid-February-10-2018-La-Liga,0,1
LaLiga,2017-2018,23,Sat,2018-02-10,18:30,Leganés,0.2,1.0,Eibar,9327,Estadio Municipal de Butarque,Pablo González,https://fbref.com/en/matches/d2d68951/Leganes-Eibar-February-10-2018-La-Liga,0,1
LaLiga,2017-2018,23,Sat,2018-02-10,20:45,Real Madrid,4.0,1.0,Real Sociedad,63811,Estadio Santiago Bernabéu,Alejandro Hernández,https://fbref.com/en/matches/ab908980/Real-Madrid-Real-Sociedad-February-10-2018-La-Liga,5,2
LaLiga,2017-2018,23,Sun,2018-02-11,12:00,Sevilla,1.8,1.4,Girona,33129,Estadio Ramón Sánchez Pizjuán,Santiago Jaime,https://fbref.com/en/matches/f43c2627/Sevilla-Girona-February-11-2018-La-Liga,1,0
LaLiga,2017-2018,23,Sun,2018-02-11,16:15,Barcelona,1.0,0.4,Getafe,75681,Camp Nou,David Fernández,https://fbref.com/en/matches/22bd07eb/Barcelona-Getafe-February-11-2018-La-Liga,0,0
LaLiga,2017-2018,23,Sun,2018-02-11,18:30,Celta Vigo,1.9,0.4,Espanyol,15649,Estadio de Balaídos,José González,https://fbref.com/en/matches/b50b5614/Celta-Vigo-Espanyol-February-11-2018-La-Liga,2,2
LaLiga,2017-2018,23,Sun,2018-02-11,20:45,Valencia,3.3,0.2,Levante,38199,Estadio de Mestalla,David Medié,https://fbref.com/en/matches/ef117f57/Valencia-Levante-February-11-2018-La-Liga,3,1
LaLiga,2017-2018,23,Mon,2018-02-12,21:00,La Coruña,1.4,0.9,Betis,20490,Estadio Municipal de Riazor,Carlos del Cerro,https://fbref.com/en/matches/1bf00319/Deportivo-La-Coruna-Real-Betis-February-12-2018-La-Liga,0,1
LaLiga,2017-2018,24,Fri,2018-02-16,21:00,Girona,1.4,0.7,Leganés,9142,Estadi Municipal de Montilivi,Antonio Matéu Lahoz,https://fbref.com/en/matches/349cc534/Girona-Leganes-February-16-2018-La-Liga,3,0
LaLiga,2017-2018,24,Sat,2018-02-17,12:00,Las Palmas,1.3,3.1,Sevilla,19161,Estadio de Gran Canaria,Ignacio Iglesias,https://fbref.com/en/matches/33d9fdf5/Las-Palmas-Sevilla-February-17-2018-La-Liga,1,2
LaLiga,2017-2018,24,Sat,2018-02-17,16:15,Eibar,0.6,2.4,Barcelona,6760,Estadio Municipal de Ipurúa,Alejandro Hernández,https://fbref.com/en/matches/32a852b1/Eibar-Barcelona-February-17-2018-La-Liga,0,2
LaLiga,2017-2018,24,Sat,2018-02-17,18:30,Alavés,1.1,0.6,La Coruña,19453,Estadio de Mendizorroza,Mario Melero,https://fbref.com/en/matches/fb1654ad/Alaves-Deportivo-La-Coruna-February-17-2018-La-Liga,1,0
LaLiga,2017-2018,24,Sat,2018-02-17,20:45,Málaga,0.9,1.4,Valencia,21134,Estadio La Rosaleda,Daniel Trujillo,https://fbref.com/en/matches/c02c6bac/Malaga-Valencia-February-17-2018-La-Liga,1,2
LaLiga,2017-2018,24,Sun,2018-02-18,12:00,Real Sociedad,1.5,0.7,Levante,18189,Estadio Municipal de Anoeta,Santiago Jaime,https://fbref.com/en/matches/69810fbb/Real-Sociedad-Levante-February-18-2018-La-Liga,3,0
LaLiga,2017-2018,24,Sun,2018-02-18,16:15,Atlético Madrid,1.2,0.2,Athletic Club,60022,Estadio Wanda Metropolitano,José González,https://fbref.com/en/matches/7b0ad8ed/Atletico-Madrid-Athletic-Club-February-18-2018-La-Liga,2,0
LaLiga,2017-2018,24,Sun,2018-02-18,18:30,Espanyol,1.2,1.2,Villarreal,19688,RCDE Stadium,José Munuera,https://fbref.com/en/matches/d79c908a/Espanyol-Villarreal-February-18-2018-La-Liga,1,1
LaLiga,2017-2018,24,Sun,2018-02-18,20:45,Betis,1.4,1.6,Real Madrid,53486,Estadio Benito Villamarín,Jesús Gil,https://fbref.com/en/matches/eecdd511/Real-Betis-Real-Madrid-February-18-2018-La-Liga,3,5
LaLiga,2017-2018,24,Mon,2018-02-19,21:00,Getafe,1.4,0.2,Celta Vigo,8367,Coliseum Alfonso Pérez,Pablo González,https://fbref.com/en/matches/7658c967/Getafe-Celta-Vigo-February-19-2018-La-Liga,3,0
LaLiga,2017-2018,16,Wed,2018-02-21,18:45,Leganés,1.5,1.6,Real Madrid,11423,Estadio Municipal de Butarque,José González,https://fbref.com/en/matches/6312a67e/Leganes-Real-Madrid-February-21-2018-La-Liga,1,3
LaLiga,2017-2018,25,Fri,2018-02-23,21:00,La Coruña,1.9,0.5,Espanyol,18028,Estadio Municipal de Riazor,David Fernández,https://fbref.com/en/matches/126cd117/Deportivo-La-Coruna-Espanyol-February-23-2018-La-Liga,0,0
LaLiga,2017-2018,25,Sat,2018-02-24,13:00,Celta Vigo,0.9,1.3,Eibar,15383,Estadio de Balaídos,Carlos del Cerro,https://fbref.com/en/matches/e774ff22/Celta-Vigo-Eibar-February-24-2018-La-Liga,2,0
LaLiga,2017-2018,25,Sat,2018-02-24,16:15,Real Madrid,2.9,0.9,Alavés,75181,Estadio Santiago Bernabéu,Javier Estrada,https://fbref.com/en/matches/22ff436f/Real-Madrid-Alaves-February-24-2018-La-Liga,4,0
LaLiga,2017-2018,25,Sat,2018-02-24,18:30,Leganés,1.4,0.6,Las Palmas,9325,Estadio Municipal de Butarque,Santiago Jaime,https://fbref.com/en/matches/bf669f2f/Leganes-Las-Palmas-February-24-2018-La-Liga,0,0
LaLiga,2017-2018,25,Sat,2018-02-24,20:45,Barcelona,3.0,1.0,Girona,85417,Camp Nou,Alberola Rojas,https://fbref.com/en/matches/d65971f2/Barcelona-Girona-February-24-2018-La-Liga,6,1
LaLiga,2017-2018,25,Sun,2018-02-25,12:00,Villarreal,0.8,2.1,Getafe,16125,Estadio de la Cerámica,José Sánchez,https://fbref.com/en/matches/cfa1b56a/Villarreal-Getafe-February-25-2018-La-Liga,1,0
LaLiga,2017-2018,25,Sun,2018-02-25,16:15,Athletic Club,0.6,1.2,Málaga,37518,San Mamés,Alejandro Hernández,https://fbref.com/en/matches/01c78a2d/Athletic-Club-Malaga-February-25-2018-La-Liga,2,1
LaLiga,2017-2018,25,Sun,2018-02-25,18:30,Valencia,1.5,1.2,Real Sociedad,37195,Estadio de Mestalla,Pablo González,https://fbref.com/en/matches/5ea93d37/Valencia-Real-Sociedad-February-25-2018-La-Liga,2,1
LaLiga,2017-2018,25,Sun,2018-02-25,20:45,Sevilla,1.5,3.0,Atlético Madrid,37884,Estadio Ramón Sánchez Pizjuán,Juan Martínez,https://fbref.com/en/matches/c7e43fed/Sevilla-Atletico-Madrid-February-25-2018-La-Liga,2,5
LaLiga,2017-2018,25,Mon,2018-02-26,21:00,Levante,0.8,1.4,Betis,16545,Estadio Ciudad de Valencia,Ricardo de Burgos,https://fbref.com/en/matches/76a17c7c/Levante-Real-Betis-February-26-2018-La-Liga,0,2
LaLiga,2017-2018,26,Tue,2018-02-27,20:00,Espanyol,1.1,0.9,Real Madrid,19805,RCDE Stadium,José Sánchez,https://fbref.com/en/matches/86d52519/Espanyol-Real-Madrid-February-27-2018-La-Liga,1,0
LaLiga,2017-2018,26,Tue,2018-02-27,21:30,Girona,1.0,0.6,Celta Vigo,6392,Estadi Municipal de Montilivi,Daniel Trujillo,https://fbref.com/en/matches/07f07b39/Girona-Celta-Vigo-February-27-2018-La-Liga,1,0
LaLiga,2017-2018,26,Wed,2018-02-28,19:30,Getafe,1.5,0.4,La Coruña,5097,Coliseum Alfonso Pérez,José Munuera,https://fbref.com/en/matches/99c653af/Getafe-Deportivo-La-Coruna-February-28-2018-La-Liga,3,0
LaLiga,2017-2018,26,Wed,2018-02-28,19:30,Athletic Club,1.2,0.2,Valencia,34382,San Mamés,Jesús Gil,https://fbref.com/en/matches/fe850487/Athletic-Club-Valencia-February-28-2018-La-Liga,1,1
LaLiga,2017-2018,26,Wed,2018-02-28,19:30,Málaga,0.9,0.5,Sevilla,15516,Estadio La Rosaleda,Carlos del Cerro,https://fbref.com/en/matches/d0db0a8b/Malaga-Sevilla-February-28-2018-La-Liga,0,1
LaLiga,2017-2018,26,Wed,2018-02-28,21:30,Atlético Madrid,2.2,1.0,Leganés,35033,Estadio Wanda Metropolitano,Javier Estrada,https://fbref.com/en/matches/af945a15/Atletico-Madrid-Leganes-February-28-2018-La-Liga,4,0
LaLiga,2017-2018,26,Wed,2018-02-28,21:30,Eibar,1.4,1.1,Villarreal,4056,Estadio Municipal de Ipurúa,Mario Melero,https://fbref.com/en/matches/4eedf139/Eibar-Villarreal-February-28-2018-La-Liga,1,0
LaLiga,2017-2018,26,Thu,2018-03-01,19:30,Betis,0.7,1.2,Real Sociedad,40288,Estadio Benito Villamarín,José González,https://fbref.com/en/matches/f59ed932/Real-Betis-Real-Sociedad-March-1-2018-La-Liga,0,0
LaLiga,2017-2018,26,Thu,2018-03-01,20:00,Las Palmas,1.3,1.2,Barcelona,23778,Estadio de Gran Canaria,Antonio Matéu Lahoz,https://fbref.com/en/matches/22a21afb/Las-Palmas-Barcelona-March-1-2018-La-Liga,1,1
LaLiga,2017-2018,26,Thu,2018-03-01,21:30,Alavés,2.5,0.4,Levante,16812,Estadio de Mendizorroza,David Fernández,https://fbref.com/en/matches/b3ce7043/Alaves-Levante-March-1-2018-La-Liga,1,0
LaLiga,2017-2018,27,Sat,2018-03-03,13:00,Villarreal,0.6,0.4,Girona,14540,Estadio de la Cerámica,Pablo González,https://fbref.com/en/matches/6a1da764/Villarreal-Girona-March-3-2018-La-Liga,0,2
LaLiga,2017-2018,27,Sat,2018-03-03,16:15,Sevilla,1.9,0.6,Athletic Club,25185,Estadio Ramón Sánchez Pizjuán,Alberto Undiano,https://fbref.com/en/matches/195c2adc/Sevilla-Athletic-Club-March-3-2018-La-Liga,2,0
LaLiga,2017-2018,27,Sat,2018-03-03,18:30,La Coruña,1.8,0.9,Eibar,19317,Estadio Municipal de Riazor,Santiago Jaime,https://fbref.com/en/matches/d79b5ed4/Deportivo-La-Coruna-Eibar-March-3-2018-La-Liga,1,1
LaLiga,2017-2018,27,Sat,2018-03-03,18:30,Leganés,0.6,0.4,Málaga,6937,Estadio Municipal de Butarque,Ignacio Iglesias,https://fbref.com/en/matches/a856b7f9/Leganes-Malaga-March-3-2018-La-Liga,2,0
LaLiga,2017-2018,27,Sat,2018-03-03,20:45,Real Madrid,1.5,0.9,Getafe,55106,Estadio Santiago Bernabéu,Mario Melero,https://fbref.com/en/matches/f3c567dd/Real-Madrid-Getafe-March-3-2018-La-Liga,3,1
LaLiga,2017-2018,27,Sun,2018-03-04,12:00,Levante,1.4,1.1,Espanyol,17143,Estadio Ciudad de Valencia,Alberola Rojas,https://fbref.com/en/matches/b31c392f/Levante-Espanyol-March-4-2018-La-Liga,1,1
LaLiga,2017-2018,27,Sun,2018-03-04,16:15,Barcelona,1.2,0.2,Atlético Madrid,90356,Camp Nou,Jesús Gil,https://fbref.com/en/matches/dde69bde/Barcelona-Atletico-Madrid-March-4-2018-La-Liga,1,0
LaLiga,2017-2018,27,Sun,2018-03-04,18:30,Real Sociedad,2.0,0.3,Alavés,21445,Estadio Municipal de Anoeta,Juan Martínez,https://fbref.com/en/matches/3b168fd6/Real-Sociedad-Alaves-March-4-2018-La-Liga,2,1
LaLiga,2017-2018,27,Sun,2018-03-04,20:45,Valencia,1.5,0.5,Betis,35565,Estadio de Mestalla,Alejandro Hernández,https://fbref.com/en/matches/d7189f87/Valencia-Real-Betis-March-4-2018-La-Liga,2,0
LaLiga,2017-2018,27,Mon,2018-03-05,21:00,Celta Vigo,1.4,0.4,Las Palmas,11276,Estadio de Balaídos,Ricardo de Burgos,https://fbref.com/en/matches/577b8bb8/Celta-Vigo-Las-Palmas-March-5-2018-La-Liga,2,1
LaLiga,2017-2018,28,Fri,2018-03-09,21:00,Girona,0.7,0.6,La Coruña,10663,Estadi Municipal de Montilivi,Alberto Undiano,https://fbref.com/en/matches/bd7dd571/Girona-Deportivo-La-Coruna-March-9-2018-La-Liga,2,0
LaLiga,2017-2018,28,Sat,2018-03-10,13:00,Eibar,1.1,2.0,Real Madrid,6707,Estadio Municipal de Ipurúa,José Munuera,https://fbref.com/en/matches/7055d169/Eibar-Real-Madrid-March-10-2018-La-Liga,1,2
LaLiga,2017-2018,28,Sat,2018-03-10,16:15,Sevilla,2.0,1.4,Valencia,33287,Estadio Ramón Sánchez Pizjuán,Ricardo de Burgos,https://fbref.com/en/matches/9ed5b52b/Sevilla-Valencia-March-10-2018-La-Liga,0,2
LaLiga,2017-2018,28,Sat,2018-03-10,18:30,Getafe,2.2,1.2,Levante,8136,Coliseum Alfonso Pérez,Daniel Trujillo,https://fbref.com/en/matches/256a1988/Getafe-Levante-March-10-2018-La-Liga,0,1
LaLiga,2017-2018,28,Sat,2018-03-10,20:45,Málaga,0.6,2.3,Barcelona,26667,Estadio La Rosaleda,Juan Martínez,https://fbref.com/en/matches/2dc40d4f/Malaga-Barcelona-March-10-2018-La-Liga,0,2
LaLiga,2017-2018,28,Sun,2018-03-11,12:00,Espanyol,2.3,0.8,Real Sociedad,20314,RCDE Stadium,Antonio Matéu Lahoz,https://fbref.com/en/matches/62e76434/Espanyol-Real-Sociedad-March-11-2018-La-Liga,2,1
LaLiga,2017-2018,28,Sun,2018-03-11,16:15,Atlético Madrid,0.9,0.9,Celta Vigo,55076,Estadio Wanda Metropolitano,Alberola Rojas,https://fbref.com/en/matches/8d5b6c52/Atletico-Madrid-Celta-Vigo-March-11-2018-La-Liga,3,0
LaLiga,2017-2018,28,Sun,2018-03-11,17:30,Las Palmas,0.8,2.0,Villarreal,18907,Estadio de Gran Canaria,David Medié,https://fbref.com/en/matches/e0585e0e/Las-Palmas-Villarreal-March-11-2018-La-Liga,0,2
LaLiga,2017-2018,28,Sun,2018-03-11,20:45,Athletic Club,0.6,0.9,Leganés,30787,San Mamés,José Sánchez,https://fbref.com/en/matches/46a51f7d/Athletic-Club-Leganes-March-11-2018-La-Liga,2,0
LaLiga,2017-2018,28,Mon,2018-03-12,21:00,Alavés,1.1,1.0,Betis,17239,Estadio de Mendizorroza,Carlos del Cerro,https://fbref.com/en/matches/d7312ebd/Alaves-Real-Betis-March-12-2018-La-Liga,1,3
LaLiga,2017-2018,29,Fri,2018-03-16,21:00,Levante,1.5,1.6,Eibar,16028,Estadio Ciudad de Valencia,Ignacio Iglesias,https://fbref.com/en/matches/f0bef7ae/Levante-Eibar-March-16-2018-La-Liga,2,1
LaLiga,2017-2018,29,Sat,2018-03-17,13:00,La Coruña,1.3,0.3,Las Palmas,18773,Estadio Municipal de Riazor,Juan Martínez,https://fbref.com/en/matches/a1284b68/Deportivo-La-Coruna-Las-Palmas-March-17-2018-La-Liga,1,1
LaLiga,2017-2018,29,Sat,2018-03-17,16:15,Valencia,2.7,1.2,Alavés,35264,Estadio de Mestalla,José Munuera,https://fbref.com/en/matches/fd16e4ba/Valencia-Alaves-March-17-2018-La-Liga,3,1
LaLiga,2017-2018,29,Sat,2018-03-17,18:30,Real Sociedad,0.6,1.3,Getafe,17509,Estadio Municipal de Anoeta,Javier Estrada,https://fbref.com/en/matches/13782a57/Real-Sociedad-Getafe-March-17-2018-La-Liga,1,2
LaLiga,2017-2018,29,Sat,2018-03-17,20:45,Betis,0.6,0.2,Espanyol,31230,Estadio Benito Villamarín,Ricardo de Burgos,https://fbref.com/en/matches/85cb6c8f/Real-Betis-Espanyol-March-17-2018-La-Liga,3,0
LaLiga,2017-2018,29,Sun,2018-03-18,12:00,Leganés,0.6,0.5,Sevilla,10037,Estadio Municipal de Butarque,Alberola Rojas,https://fbref.com/en/matches/5346c31d/Leganes-Sevilla-March-18-2018-La-Liga,2,1
LaLiga,2017-2018,29,Sun,2018-03-18,16:15,Barcelona,1.8,0.8,Athletic Club,84053,Camp Nou,Santiago Jaime,https://fbref.com/en/matches/e9de296f/Barcelona-Athletic-Club-March-18-2018-La-Liga,2,0
LaLiga,2017-2018,29,Sun,2018-03-18,18:30,Celta Vigo,1.8,0.5,Málaga,17230,Estadio de Balaídos,Alberto Undiano,https://fbref.com/en/matches/08cde004/Celta-Vigo-Malaga-March-18-2018-La-Liga,0,0
LaLiga,2017-2018,29,Sun,2018-03-18,18:30,Villarreal,1.1,1.3,Atlético Madrid,19385,Estadio de la Cerámica,David Fernández,https://fbref.com/en/matches/887736bc/Villarreal-Atletico-Madrid-March-18-2018-La-Liga,2,1
LaLiga,2017-2018,29,Sun,2018-03-18,20:45,Real Madrid,3.4,1.7,Girona,59097,Estadio Santiago Bernabéu,Jesús Gil,https://fbref.com/en/matches/8a390da9/Real-Madrid-Girona-March-18-2018-La-Liga,6,3
LaLiga,2017-2018,30,Sat,2018-03-31,13:00,Girona,1.0,1.6,Levante,11391,Estadi Municipal de Montilivi,Ricardo de Burgos,https://fbref.com/en/matches/a7e0e89e/Girona-Levante-March-31-2018-La-Liga,1,1
LaLiga,2017-2018,30,Sat,2018-03-31,16:15,Athletic Club,1.7,0.6,Celta Vigo,33657,San Mamés,Carlos del Cerro,https://fbref.com/en/matches/55666958/Athletic-Club-Celta-Vigo-March-31-2018-La-Liga,1,1
LaLiga,2017-2018,30,Sat,2018-03-31,17:30,Las Palmas,1.6,4.0,Real Madrid,22942,Estadio de Gran Canaria,Pablo González,https://fbref.com/en/matches/2acd74d6/Las-Palmas-Real-Madrid-March-31-2018-La-Liga,0,3
LaLiga,2017-2018,30,Sat,2018-03-31,20:45,Sevilla,3.0,2.1,Barcelona,37588,Estadio Ramón Sánchez Pizjuán,José González,https://fbref.com/en/matches/8b72278e/Sevilla-Barcelona-March-31-2018-La-Liga,2,2
LaLiga,2017-2018,30,Sun,2018-04-01,12:00,Espanyol,0.9,0.8,Alavés,15448,RCDE Stadium,Ignacio Iglesias,https://fbref.com/en/matches/1b9669e3/Espanyol-Alaves-April-1-2018-La-Liga,0,0
LaLiga,2017-2018,30,Sun,2018-04-01,16:15,Leganés,0.6,0.2,Valencia,10697,Estadio Municipal de Butarque,Mario Melero,https://fbref.com/en/matches/dc9b01e8/Leganes-Valencia-April-1-2018-La-Liga,0,1
LaLiga,2017-2018,30,Sun,2018-04-01,18:30,Eibar,0.7,0.5,Real Sociedad,6233,Estadio Municipal de Ipurúa,José Sánchez,https://fbref.com/en/matches/8b9dc249/Eibar-Real-Sociedad-April-1-2018-La-Liga,0,0
LaLiga,2017-2018,30,Sun,2018-04-01,18:30,Málaga,1.7,0.4,Villarreal,19142,Estadio La Rosaleda,Alfonso Álvarez,https://fbref.com/en/matches/a54aeb3c/Malaga-Villarreal-April-1-2018-La-Liga,1,0
LaLiga,2017-2018,30,Sun,2018-04-01,20:45,Atlético Madrid,1.4,1.1,La Coruña,49351,Estadio Wanda Metropolitano,Daniel Trujillo,https://fbref.com/en/matches/2a16226d/Atletico-Madrid-Deportivo-La-Coruna-April-1-2018-La-Liga,1,0
LaLiga,2017-2018,30,Mon,2018-04-02,21:00,Getafe,1.6,0.3,Betis,10628,Coliseum Alfonso Pérez,Alberto Undiano,https://fbref.com/en/matches/e3bea8b8/Getafe-Real-Betis-April-2-2018-La-Liga,0,1
LaLiga,2017-2018,31,Fri,2018-04-06,21:00,La Coruña,1.9,0.6,Málaga,16932,Estadio Municipal de Riazor,Antonio Matéu Lahoz,https://fbref.com/en/matches/67158bb5/Deportivo-La-Coruna-Malaga-April-6-2018-La-Liga,3,2
LaLiga,2017-2018,31,Sat,2018-04-07,13:00,Alavés,1.0,1.0,Getafe,18241,Estadio de Mendizorroza,Santiago Jaime,https://fbref.com/en/matches/4da6db24/Alaves-Getafe-April-7-2018-La-Liga,2,0
LaLiga,2017-2018,31,Sat,2018-04-07,16:15,Celta Vigo,2.0,1.4,Sevilla,16919,Estadio de Balaídos,Alfonso Álvarez,https://fbref.com/en/matches/c0ab3726/Celta-Vigo-Sevilla-April-7-2018-La-Liga,4,0
LaLiga,2017-2018,31,Sat,2018-04-07,18:30,Betis,1.6,0.5,Eibar,50194,Estadio Benito Villamarín,David Medié,https://fbref.com/en/matches/867a20f5/Real-Betis-Eibar-April-7-2018-La-Liga,2,0
LaLiga,2017-2018,31,Sat,2018-04-07,20:45,Barcelona,2.4,0.6,Leganés,72126,Camp Nou,Ricardo de Burgos,https://fbref.com/en/matches/819b75df/Barcelona-Leganes-April-7-2018-La-Liga,3,1
LaLiga,2017-2018,31,Sun,2018-04-08,12:00,Levante,1.6,1.2,Las Palmas,18402,Estadio Ciudad de Valencia,David Fernández,https://fbref.com/en/matches/adefe693/Levante-Las-Palmas-April-8-2018-La-Liga,2,1
LaLiga,2017-2018,31,Sun,2018-04-08,16:15,Real Madrid,2.0,1.2,Atlético Madrid,78769,Estadio Santiago Bernabéu,Javier Estrada,https://fbref.com/en/matches/5b8ac8c7/El-Derbi-Madrileno-Real-Madrid-Atletico-Madrid-April-8-2018-La-Liga,1,1
LaLiga,2017-2018,31,Sun,2018-04-08,18:30,Real Sociedad,2.4,0.6,Girona,18027,Estadio Municipal de Anoeta,José Munuera,https://fbref.com/en/matches/d0e0b241/Real-Sociedad-Girona-April-8-2018-La-Liga,5,0
LaLiga,2017-2018,31,Sun,2018-04-08,20:45,Valencia,1.1,1.1,Espanyol,36296,Estadio de Mestalla,Jesús Gil,https://fbref.com/en/matches/14f6c378/Valencia-Espanyol-April-8-2018-La-Liga,1,0
LaLiga,2017-2018,31,Mon,2018-04-09,21:00,Villarreal,0.6,2.6,Athletic Club,14879,Estadio de la Cerámica,Ignacio Iglesias,https://fbref.com/en/matches/408ad1dc/Villarreal-Athletic-Club-April-9-2018-La-Liga,1,3
LaLiga,2017-2018,32,Fri,2018-04-13,21:00,Girona,0.9,1.3,Betis,11286,Estadi Municipal de Montilivi,Santiago Jaime,https://fbref.com/en/matches/b77bd04f/Girona-Real-Betis-April-13-2018-La-Liga,0,1
LaLiga,2017-2018,32,Sat,2018-04-14,13:00,Sevilla,2.0,0.8,Villarreal,32192,Estadio Ramón Sánchez Pizjuán,Pablo González,https://fbref.com/en/matches/895e7c09/Sevilla-Villarreal-April-14-2018-La-Liga,2,2
LaLiga,2017-2018,32,Sat,2018-04-14,16:15,Barcelona,1.7,2.5,Valencia,69544,Camp Nou,Carlos del Cerro,https://fbref.com/en/matches/958a070e/Barcelona-Valencia-April-14-2018-La-Liga,2,1
LaLiga,2017-2018,32,Sat,2018-04-14,17:30,Las Palmas,0.9,2.7,Real Sociedad,10531,Estadio de Gran Canaria,Alfonso Álvarez,https://fbref.com/en/matches/695f8141/Las-Palmas-Real-Sociedad-April-14-2018-La-Liga,0,1
LaLiga,2017-2018,32,Sat,2018-04-14,18:30,Leganés,2.6,0.5,Celta Vigo,10393,Estadio Municipal de Butarque,Alejandro Hernández,https://fbref.com/en/matches/54ca4528/Leganes-Celta-Vigo-April-14-2018-La-Liga,1,0
LaLiga,2017-2018,32,Sat,2018-04-14,20:45,Athletic Club,1.1,1.5,La Coruña,37715,San Mamés,José González,https://fbref.com/en/matches/a165bdf5/Athletic-Club-Deportivo-La-Coruna-April-14-2018-La-Liga,2,3
LaLiga,2017-2018,32,Sun,2018-04-15,12:00,Eibar,1.3,0.1,Alavés,5754,Estadio Municipal de Ipurúa,Alberto Undiano,https://fbref.com/en/matches/c91fafcd/Eibar-Alaves-April-15-2018-La-Liga,0,1
LaLiga,2017-2018,32,Sun,2018-04-15,16:15,Atlético Madrid,1.3,0.7,Levante,58043,Estadio Wanda Metropolitano,Jesús Gil,https://fbref.com/en/matches/5f79426f/Atletico-Madrid-Levante-April-15-2018-La-Liga,3,0
LaLiga,2017-2018,32,Sun,2018-04-15,18:30,Getafe,0.5,0.7,Espanyol,10593,Coliseum Alfonso Pérez,Mario Melero,https://fbref.com/en/matches/325a7638/Getafe-Espanyol-April-15-2018-La-Liga,1,0
LaLiga,2017-2018,32,Sun,2018-04-15,20:45,Málaga,1.1,2.3,Real Madrid,27112,Estadio La Rosaleda,Ricardo de Burgos,https://fbref.com/en/matches/01324f78/Malaga-Real-Madrid-April-15-2018-La-Liga,1,2
LaLiga,2017-2018,33,Tue,2018-04-17,19:30,La Coruña,2.2,1.7,Sevilla,24374,Estadio Municipal de Riazor,David Medié,https://fbref.com/en/matches/ed325c60/Deportivo-La-Coruna-Sevilla-April-17-2018-La-Liga,0,0
LaLiga,2017-2018,33,Tue,2018-04-17,21:00,Celta Vigo,3.1,1.7,Barcelona,20347,Estadio de Balaídos,David Fernández,https://fbref.com/en/matches/964d343b/Celta-Vigo-Barcelona-April-17-2018-La-Liga,2,2
LaLiga,2017-2018,33,Tue,2018-04-17,21:30,Villarreal,1.3,0.3,Leganés,12556,Estadio de la Cerámica,Daniel Trujillo,https://fbref.com/en/matches/9141f201/Villarreal-Leganes-April-17-2018-La-Liga,2,1
LaLiga,2017-2018,33,Wed,2018-04-18,19:30,Valencia,1.1,0.7,Getafe,35829,Estadio de Mestalla,Ricardo de Burgos,https://fbref.com/en/matches/92b0c46c/Valencia-Getafe-April-18-2018-La-Liga,1,2
LaLiga,2017-2018,33,Wed,2018-04-18,19:30,Espanyol,1.0,0.3,Eibar,12113,RCDE Stadium,Alejandro Hernández,https://fbref.com/en/matches/459214e9/Espanyol-Eibar-April-18-2018-La-Liga,0,1
LaLiga,2017-2018,33,Wed,2018-04-18,21:30,Real Madrid,2.0,0.8,Athletic Club,59193,Estadio Santiago Bernabéu,Juan Martínez,https://fbref.com/en/matches/b7a40a6c/Real-Madrid-Athletic-Club-April-18-2018-La-Liga,1,1
LaLiga,2017-2018,33,Thu,2018-04-19,19:30,Alavés,1.2,1.7,Girona,18366,Estadio de Mendizorroza,Pablo González,https://fbref.com/en/matches/f474026a/Alaves-Girona-April-19-2018-La-Liga,1,2
LaLiga,2017-2018,33,Thu,2018-04-19,19:30,Real Sociedad,1.2,0.6,Atlético Madrid,21404,Estadio Municipal de Anoeta,Alberola Rojas,https://fbref.com/en/matches/7f05c8e0/Real-Sociedad-Atletico-Madrid-April-19-2018-La-Liga,3,0
LaLiga,2017-2018,33,Thu,2018-04-19,21:30,Levante,1.0,0.5,Málaga,17372,Estadio Ciudad de Valencia,Santiago Jaime,https://fbref.com/en/matches/2a924cfd/Levante-Malaga-April-19-2018-La-Liga,1,0
LaLiga,2017-2018,33,Thu,2018-04-19,21:30,Betis,2.0,0.1,Las Palmas,45151,Estadio Benito Villamarín,José Sánchez,https://fbref.com/en/matches/04af0fda/Real-Betis-Las-Palmas-April-19-2018-La-Liga,1,0
LaLiga,2017-2018,34,Fri,2018-04-20,21:00,Leganés,0.5,0.7,La Coruña,10124,Estadio Municipal de Butarque,Alfonso Álvarez,https://fbref.com/en/matches/7e7b689c/Leganes-Deportivo-La-Coruna-April-20-2018-La-Liga,0,0
LaLiga,2017-2018,34,Sat,2018-04-21,13:00,Eibar,0.9,0.5,Getafe,4860,Estadio Municipal de Ipurúa,Ignacio Iglesias,https://fbref.com/en/matches/06db2058/Eibar-Getafe-April-21-2018-La-Liga,0,1
LaLiga,2017-2018,34,Sat,2018-04-21,16:15,Celta Vigo,0.6,1.8,Valencia,17316,Estadio de Balaídos,Alberto Undiano,https://fbref.com/en/matches/90102686/Celta-Vigo-Valencia-April-21-2018-La-Liga,1,1
LaLiga,2017-2018,34,Sun,2018-04-22,12:00,Girona,1.9,0.8,Espanyol,12313,Estadi Municipal de Montilivi,Alberola Rojas,https://fbref.com/en/matches/4b6d96f5/Girona-Espanyol-April-22-2018-La-Liga,0,2
LaLiga,2017-2018,34,Sun,2018-04-22,16:15,Málaga,0.7,1.3,Real Sociedad,14102,Estadio La Rosaleda,Javier Estrada,https://fbref.com/en/matches/38593327/Malaga-Real-Sociedad-April-22-2018-La-Liga,2,0
LaLiga,2017-2018,34,Sun,2018-04-22,17:30,Las Palmas,0.6,1.1,Alavés,7143,Estadio de Gran Canaria,Mario Melero,https://fbref.com/en/matches/10aa5080/Las-Palmas-Alaves-April-22-2018-La-Liga,0,4
LaLiga,2017-2018,34,Sun,2018-04-22,20:45,Atlético Madrid,1.2,0.5,Betis,200,Estadio Wanda Metropolitano,Juan Martínez,https://fbref.com/en/matches/c214796e/Atletico-Madrid-Real-Betis-April-22-2018-La-Liga,0,0
LaLiga,2017-2018,34,Mon,2018-04-23,21:00,Athletic Club,1.3,0.9,Levante,24587,San Mamés,José Munuera,https://fbref.com/en/matches/138be838/Athletic-Club-Levante-April-23-2018-La-Liga,1,3
LaLiga,2017-2018,35,Fri,2018-04-27,21:00,Levante,1.7,1.2,Sevilla,17240,Estadio Ciudad de Valencia,José González,https://fbref.com/en/matches/2dbd8b0b/Levante-Sevilla-April-27-2018-La-Liga,2,1
LaLiga,2017-2018,35,Sat,2018-04-28,13:00,Espanyol,1.5,1.8,Las Palmas,13589,RCDE Stadium,Pablo González,https://fbref.com/en/matches/05746797/Espanyol-Las-Palmas-April-28-2018-La-Liga,1,1
LaLiga,2017-2018,35,Sat,2018-04-28,16:15,Real Sociedad,1.0,1.2,Athletic Club,23972,Estadio Municipal de Anoeta,José Sánchez,https://fbref.com/en/matches/86bb2bea/Real-Sociedad-Athletic-Club-April-28-2018-La-Liga,3,1
LaLiga,2017-2018,35,Sat,2018-04-28,18:30,Real Madrid,1.9,1.8,Leganés,59905,Estadio Santiago Bernabéu,Ignacio Iglesias,https://fbref.com/en/matches/cc4b64e0/Real-Madrid-Leganes-April-28-2018-La-Liga,2,1
LaLiga,2017-2018,35,Sat,2018-04-28,20:45,Villarreal,4.2,2.2,Celta Vigo,14135,Estadio de la Cerámica,Alberola Rojas,https://fbref.com/en/matches/48b3ecb9/Villarreal-Celta-Vigo-April-28-2018-La-Liga,4,1
LaLiga,2017-2018,35,Sun,2018-04-29,12:00,Getafe,2.0,1.7,Girona,8011,Coliseum Alfonso Pérez,Alejandro Hernández,https://fbref.com/en/matches/ac9a65ea/Getafe-Girona-April-29-2018-La-Liga,1,1
LaLiga,2017-2018,35,Sun,2018-04-29,16:15,Alavés,0.9,2.6,Atlético Madrid,18944,Estadio de Mendizorroza,David Fernández,https://fbref.com/en/matches/b04aa536/Alaves-Atletico-Madrid-April-29-2018-La-Liga,0,1
LaLiga,2017-2018,35,Sun,2018-04-29,18:30,Valencia,0.9,0.7,Eibar,40328,Estadio de Mestalla,Santiago Jaime,https://fbref.com/en/matches/54a0346e/Valencia-Eibar-April-29-2018-La-Liga,0,0
LaLiga,2017-2018,35,Sun,2018-04-29,20:45,La Coruña,2.5,3.5,Barcelona,25721,Estadio Municipal de Riazor,Ricardo de Burgos,https://fbref.com/en/matches/e6360fe0/Deportivo-La-Coruna-Barcelona-April-29-2018-La-Liga,2,4
LaLiga,2017-2018,35,Mon,2018-04-30,21:00,Betis,1.0,0.9,Málaga,53163,Estadio Benito Villamarín,Carlos del Cerro,https://fbref.com/en/matches/1479a28b/Real-Betis-Malaga-April-30-2018-La-Liga,2,1
LaLiga,2017-2018,36,Fri,2018-05-04,21:00,Sevilla,2.2,0.9,Real Sociedad,34733,Estadio Ramón Sánchez Pizjuán,Santiago Jaime,https://fbref.com/en/matches/c7190c1f/Sevilla-Real-Sociedad-May-4-2018-La-Liga,1,0
LaLiga,2017-2018,36,Sat,2018-05-05,13:00,Girona,2.1,1.7,Eibar,9706,Estadi Municipal de Montilivi,Daniel Trujillo,https://fbref.com/en/matches/5d98e7e6/Girona-Eibar-May-5-2018-La-Liga,1,4
LaLiga,2017-2018,36,Sat,2018-05-05,16:15,Athletic Club,1.9,0.4,Betis,34491,San Mamés,Alberola Rojas,https://fbref.com/en/matches/06383d85/Athletic-Club-Real-Betis-May-5-2018-La-Liga,2,0
LaLiga,2017-2018,36,Sat,2018-05-05,18:30,Celta Vigo,1.8,0.5,La Coruña,20816,Estadio de Balaídos,Carlos del Cerro,https://fbref.com/en/matches/3286b96e/Celta-Vigo-Deportivo-La-Coruna-May-5-2018-La-Liga,1,1
LaLiga,2017-2018,36,Sat,2018-05-05,20:45,Villarreal,1.3,0.5,Valencia,19079,Estadio de la Cerámica,Jesús Gil,https://fbref.com/en/matches/2f5f8a23/Villarreal-Valencia-May-5-2018-La-Liga,1,0
LaLiga,2017-2018,36,Sun,2018-05-06,12:00,Málaga,0.9,1.0,Alavés,14024,Estadio La Rosaleda,José González,https://fbref.com/en/matches/71e07ca1/Malaga-Alaves-May-6-2018-La-Liga,0,3
LaLiga,2017-2018,36,Sun,2018-05-06,16:15,Atlético Madrid,0.7,1.0,Espanyol,49834,Estadio Wanda Metropolitano,José Munuera,https://fbref.com/en/matches/ecd8485e/Atletico-Madrid-Espanyol-May-6-2018-La-Liga,0,2
LaLiga,2017-2018,36,Sun,2018-05-06,17:30,Las Palmas,1.4,1.3,Getafe,4624,Estadio de Gran Canaria,Alberto Undiano,https://fbref.com/en/matches/bbfe29d2/Las-Palmas-Getafe-May-6-2018-La-Liga,0,1
LaLiga,2017-2018,36,Sun,2018-05-06,20:45,Barcelona,1.3,2.1,Real Madrid,97939,Camp Nou,Alejandro Hernández,https://fbref.com/en/matches/d1d121c7/El-Clasico-Barcelona-Real-Madrid-May-6-2018-La-Liga,2,2
LaLiga,2017-2018,36,Mon,2018-05-07,21:00,Leganés,1.5,1.2,Levante,7832,Estadio Municipal de Butarque,José Sánchez,https://fbref.com/en/matches/97c99693/Leganes-Levante-May-7-2018-La-Liga,0,3
LaLiga,2017-2018,34,Wed,2018-05-09,20:00,Barcelona,3.3,1.2,Villarreal,54743,Camp Nou,José Sánchez,https://fbref.com/en/matches/0a1c93b4/Barcelona-Villarreal-May-9-2018-La-Liga,5,1
LaLiga,2017-2018,34,Wed,2018-05-09,21:30,Sevilla,2.2,2.5,Real Madrid,38524,Estadio Ramón Sánchez Pizjuán,Antonio Matéu Lahoz,https://fbref.com/en/matches/509a5bea/Sevilla-Real-Madrid-May-9-2018-La-Liga,3,2
LaLiga,2017-2018,37,Sat,2018-05-12,16:15,Real Sociedad,2.3,1.2,Leganés,19981,Estadio Municipal de Anoeta,David Medié,https://fbref.com/en/matches/e6bc1f29/Real-Sociedad-Leganes-May-12-2018-La-Liga,3,2
LaLiga,2017-2018,37,Sat,2018-05-12,18:30,Alavés,1.1,0.5,Athletic Club,19458,Estadio de Mendizorroza,Javier Estrada,https://fbref.com/en/matches/2a301f22/Alaves-Athletic-Club-May-12-2018-La-Liga,3,1
LaLiga,2017-2018,37,Sat,2018-05-12,18:30,La Coruña,1.7,2.4,Villarreal,12789,Estadio Municipal de Riazor,Alejandro Hernández,https://fbref.com/en/matches/48760647/Deportivo-La-Coruna-Villarreal-May-12-2018-La-Liga,2,4
LaLiga,2017-2018,37,Sat,2018-05-12,18:30,Eibar,1.2,0.8,Las Palmas,5107,Estadio Municipal de Ipurúa,Antonio Matéu Lahoz,https://fbref.com/en/matches/2c02e1d1/Eibar-Las-Palmas-May-12-2018-La-Liga,1,0
LaLiga,2017-2018,37,Sat,2018-05-12,18:30,Getafe,1.3,0.9,Atlético Madrid,12187,Coliseum Alfonso Pérez,Alberola Rojas,https://fbref.com/en/matches/b460bb32/Getafe-Atletico-Madrid-May-12-2018-La-Liga,0,1
LaLiga,2017-2018,37,Sat,2018-05-12,18:30,Girona,1.1,1.0,Valencia,10850,Estadi Municipal de Montilivi,Ignacio Iglesias,https://fbref.com/en/matches/8c1394f6/Girona-Valencia-May-12-2018-La-Liga,0,1
LaLiga,2017-2018,37,Sat,2018-05-12,18:30,Betis,1.1,1.6,Sevilla,55588,Estadio Benito Villamarín,Alfonso Álvarez,https://fbref.com/en/matches/4f206df3/Real-Betis-Sevilla-May-12-2018-La-Liga,2,2
LaLiga,2017-2018,37,Sat,2018-05-12,20:45,Real Madrid,1.8,0.3,Celta Vigo,56474,Estadio Santiago Bernabéu,Pablo González,https://fbref.com/en/matches/941c956d/Real-Madrid-Celta-Vigo-May-12-2018-La-Liga,6,0
LaLiga,2017-2018,37,Sun,2018-05-13,16:15,Espanyol,4.0,1.8,Málaga,15004,RCDE Stadium,Juan Martínez,https://fbref.com/en/matches/5d13c197/Espanyol-Malaga-May-13-2018-La-Liga,4,1
LaLiga,2017-2018,37,Sun,2018-05-13,20:45,Levante,3.7,2.3,Barcelona,22384,Estadio Ciudad de Valencia,Mario Melero,https://fbref.com/en/matches/a9429be8/Levante-Barcelona-May-13-2018-La-Liga,5,4
LaLiga,2017-2018,38,Sat,2018-05-19,13:00,Celta Vigo,4.1,0.4,Levante,10480,Estadio de Balaídos,Ricardo de Burgos,https://fbref.com/en/matches/e5dd9505/Celta-Vigo-Levante-May-19-2018-La-Liga,4,2
LaLiga,2017-2018,38,Sat,2018-05-19,16:15,Leganés,1.5,1.9,Betis,10813,Estadio Municipal de Butarque,Jesús Gil,https://fbref.com/en/matches/2a3793e5/Leganes-Real-Betis-May-19-2018-La-Liga,3,2
LaLiga,2017-2018,38,Sat,2018-05-19,17:30,Las Palmas,1.2,1.4,Girona,6362,Estadio de Gran Canaria,Santiago Jaime,https://fbref.com/en/matches/a4423f63/Las-Palmas-Girona-May-19-2018-La-Liga,1,2
LaLiga,2017-2018,38,Sat,2018-05-19,18:30,Sevilla,1.8,0.8,Alavés,22513,Estadio Ramón Sánchez Pizjuán,Carlos del Cerro,https://fbref.com/en/matches/d9e46175/Sevilla-Alaves-May-19-2018-La-Liga,1,0
LaLiga,2017-2018,38,Sat,2018-05-19,18:30,Málaga,0.8,1.3,Getafe,9570,Estadio La Rosaleda,Daniel Trujillo,https://fbref.com/en/matches/a44c23a4/Malaga-Getafe-May-19-2018-La-Liga,0,1
LaLiga,2017-2018,38,Sat,2018-05-19,20:45,Villarreal,1.4,0.9,Real Madrid,18891,Estadio de la Cerámica,José Sánchez,https://fbref.com/en/matches/207b5248/Villarreal-Real-Madrid-May-19-2018-La-Liga,2,2
LaLiga,2017-2018,38,Sun,2018-05-20,12:00,Valencia,1.5,1.4,La Coruña,35376,Estadio de Mestalla,David Medié,https://fbref.com/en/matches/1c4b8a57/Valencia-Deportivo-La-Coruna-May-20-2018-La-Liga,2,1
LaLiga,2017-2018,38,Sun,2018-05-20,16:15,Athletic Club,1.1,1.3,Espanyol,28492,San Mamés,David Fernández,https://fbref.com/en/matches/867d08ea/Athletic-Club-Espanyol-May-20-2018-La-Liga,0,1
LaLiga,2017-2018,38,Sun,2018-05-20,18:30,Atlético Madrid,1.2,1.0,Eibar,63229,Estadio Wanda Metropolitano,Alfonso Álvarez,https://fbref.com/en/matches/8fbdef5d/Atletico-Madrid-Eibar-May-20-2018-La-Liga,2,2
LaLiga,2017-2018,38,Sun,2018-05-20,20:45,Barcelona,1.1,0.7,Real Sociedad,84168,Camp Nou,José Munuera,https://fbref.com/en/matches/c57a8e8d/Barcelona-Real-Sociedad-May-20-2018-La-Liga,1,0
