League,Season,Wk,Day,Date,Time,HomeTeam,xG_Home,xG_Away,AwayTeam,Attendance,Venue,Referee,Match Report,HomeScore,AwayScore
Ligue1,2019-2020,1,Fri,2019-08-09,20:45,Monaco,0.8,0.8,Lyon,10000,Stade Louis II.,Ruddy Buquet,https://fbref.com/en/matches/eb594ee1/Monaco-Lyon-August-9-2019-Ligue-1,0,3
Ligue1,2019-2020,1,Sat,2019-08-10,17:30,Marseille,0.5,1.5,Reims,52887,Orange Vélodrome,Jérôme Brisard,https://fbref.com/en/matches/d7e26ebe/Marseille-Reims-August-10-2019-Ligue-1,0,2
Ligue1,2019-2020,1,Sat,2019-08-10,20:00,Brest,1.7,2.0,Toulouse,14238,Stade Francis-Le Blé,Olivier Thual,https://fbref.com/en/matches/f7af8742/Brest-Toulouse-August-10-2019-Ligue-1,1,1
Ligue1,2019-2020,1,Sat,2019-08-10,20:00,Angers,1.4,1.0,Bordeaux,10749,Stade Raymond Kopa,Hakim Ben El Hadj Salem,https://fbref.com/en/matches/bfb2e34e/Angers-Bordeaux-August-10-2019-Ligue-1,3,1
Ligue1,2019-2020,1,Sat,2019-08-10,20:00,Dijon,2.1,1.3,Saint-Étienne,14334,Stade Gaston Gérard,Thomas Léonard,https://fbref.com/en/matches/39bc30d4/Dijon-Saint-Etienne-August-10-2019-Ligue-1,1,2
Ligue1,2019-2020,1,Sat,2019-08-10,20:00,Montpellier,2.0,1.1,Rennes,15212,Stade de la Mosson,Willy Delajod,https://fbref.com/en/matches/14a49720/Montpellier-Rennes-August-10-2019-Ligue-1,0,1
Ligue1,2019-2020,1,Sat,2019-08-10,20:00,Nice,1.7,0.9,Amiens,17719,Stade de Nice,Jérémie Pignard,https://fbref.com/en/matches/fe79e1f7/Nice-Amiens-August-10-2019-Ligue-1,2,1
Ligue1,2019-2020,1,Sun,2019-08-11,15:00,Lille,1.5,0.7,Nantes,34494,Stade Pierre-Mauroy,Mikael Lesage,https://fbref.com/en/matches/aa2721a9/Lille-Nantes-August-11-2019-Ligue-1,2,1
Ligue1,2019-2020,1,Sun,2019-08-11,17:00,Strasbourg,1.3,0.7,Metz,25476,Stade de la Meinau,Antony Gautier,https://fbref.com/en/matches/1bf2a0be/Strasbourg-Metz-August-11-2019-Ligue-1,1,1
Ligue1,2019-2020,1,Sun,2019-08-11,21:00,Paris S-G,3.0,0.3,Nîmes,47151,Parc des Princes,Clément Turpin,https://fbref.com/en/matches/df55c5ac/Paris-Saint-Germain-Nimes-August-11-2019-Ligue-1,3,0
Ligue1,2019-2020,2,Fri,2019-08-16,20:45,Lyon,1.3,0.3,Angers,49871,Groupama Stadium,Benoît Millot,https://fbref.com/en/matches/7e480f83/Lyon-Angers-August-16-2019-Ligue-1,6,0
Ligue1,2019-2020,2,Sat,2019-08-17,17:30,Nantes,0.6,1.1,Marseille,34832,Stade de la Beaujoire - Louis Fonteneau,Benoît Bastien,https://fbref.com/en/matches/94f0a534/Nantes-Marseille-August-17-2019-Ligue-1,0,0
Ligue1,2019-2020,2,Sat,2019-08-17,20:00,Nîmes,1.2,1.6,Nice,13243,Stade des Costières,François Letexier,https://fbref.com/en/matches/1b36cd8c/Nimes-Nice-August-17-2019-Ligue-1,1,2
Ligue1,2019-2020,2,Sat,2019-08-17,20:00,Metz,2.3,0.8,Monaco,19088,Stade Saint-Symphorien,Eric Wattellier,https://fbref.com/en/matches/b7a31a51/Metz-Monaco-August-17-2019-Ligue-1,3,0
Ligue1,2019-2020,2,Sat,2019-08-17,20:00,Bordeaux,0.9,0.5,Montpellier,30192,Stade Matmut-Atlantique,Franck Schneider,https://fbref.com/en/matches/1b2b8762/Bordeaux-Montpellier-August-17-2019-Ligue-1,1,1
Ligue1,2019-2020,2,Sat,2019-08-17,20:00,Toulouse,1.9,1.3,Dijon,10583,Stadium Municipal,Ruddy Buquet,https://fbref.com/en/matches/73abe4f8/Toulouse-Dijon-August-17-2019-Ligue-1,1,0
Ligue1,2019-2020,2,Sat,2019-08-17,20:00,Amiens,1.3,0.2,Lille,12481,Stade de la Licorne,Karim Abed,https://fbref.com/en/matches/c684a52b/Amiens-Lille-August-17-2019-Ligue-1,1,0
Ligue1,2019-2020,2,Sun,2019-08-18,15:00,Saint-Étienne,1.7,0.5,Brest,28645,Stade Geoffroy-Guichard,Johan Hamel,https://fbref.com/en/matches/124576ef/Saint-Etienne-Brest-August-18-2019-Ligue-1,1,1
Ligue1,2019-2020,2,Sun,2019-08-18,17:00,Reims,0.4,0.4,Strasbourg,13714,Stade Auguste-Delaune II,Florent Batta,https://fbref.com/en/matches/d00b1b89/Reims-Strasbourg-August-18-2019-Ligue-1,0,0
Ligue1,2019-2020,2,Sun,2019-08-18,21:00,Rennes,0.8,0.7,Paris S-G,28596,Roazhon Park,Antony Gautier,https://fbref.com/en/matches/627146ef/Rennes-Paris-Saint-Germain-August-18-2019-Ligue-1,2,1
Ligue1,2019-2020,3,Sat,2019-08-24,20:00,Angers,1.4,0.1,Metz,9001,Stade Raymond Kopa,Stéphanie Frappart,https://fbref.com/en/matches/e4fd32f3/Angers-Metz-August-24-2019-Ligue-1,3,0
Ligue1,2019-2020,3,Sat,2019-08-24,20:00,Amiens,0.4,2.2,Nantes,11393,Stade de la Licorne,Jeremy Stinat,https://fbref.com/en/matches/019ca0d9/Amiens-Nantes-August-24-2019-Ligue-1,1,2
Ligue1,2019-2020,3,Sat,2019-08-24,20:00,Dijon,0.5,0.7,Bordeaux,12471,Stade Gaston Gérard,François Letexier,https://fbref.com/en/matches/66c09032/Dijon-Bordeaux-August-24-2019-Ligue-1,0,2
Ligue1,2019-2020,3,Sat,2019-08-24,20:00,Brest,0.6,0.8,Reims,13958,Stade Francis-Le Blé,Hakim Ben El Hadj Salem,https://fbref.com/en/matches/c841eb84/Brest-Reims-August-24-2019-Ligue-1,1,0
Ligue1,2019-2020,3,Sun,2019-08-25,15:00,Monaco,3.0,1.3,Nîmes,7438,Stade Louis II.,Amaury Delerue,https://fbref.com/en/matches/19f03e54/Monaco-Nimes-August-25-2019-Ligue-1,2,2
Ligue1,2019-2020,3,Sun,2019-08-25,17:00,Strasbourg,1.8,0.4,Rennes,24951,Stade de la Meinau,Ruddy Buquet,https://fbref.com/en/matches/70cf292c/Strasbourg-Rennes-August-25-2019-Ligue-1,0,2
Ligue1,2019-2020,3,Sun,2019-08-25,21:00,Paris S-G,3.5,0.3,Toulouse,47325,Parc des Princes,Jérôme Brisard,https://fbref.com/en/matches/703db983/Paris-Saint-Germain-Toulouse-August-25-2019-Ligue-1,4,0
Ligue1,2019-2020,3,Tue,2019-08-27,19:00,Montpellier,2.0,0.8,Lyon,19387,Stade de la Mosson,Mikael Lesage,https://fbref.com/en/matches/9e7ac97e/Montpellier-Lyon-August-27-2019-Ligue-1,1,0
Ligue1,2019-2020,3,Wed,2019-08-28,19:00,Lille,2.6,0.5,Saint-Étienne,36138,Stade Pierre-Mauroy,Olivier Thual,https://fbref.com/en/matches/daacdd9f/Lille-Saint-Etienne-August-28-2019-Ligue-1,3,0
Ligue1,2019-2020,3,Wed,2019-08-28,21:00,Nice,1.5,1.6,Marseille,31825,Stade de Nice,Clément Turpin,https://fbref.com/en/matches/31f1fe75/Nice-Marseille-August-28-2019-Ligue-1,1,2
Ligue1,2019-2020,4,Fri,2019-08-30,20:45,Metz,0.4,1.5,Paris S-G,20685,Stade Saint-Symphorien,Franck Schneider,https://fbref.com/en/matches/3cc06d16/Metz-Paris-Saint-Germain-August-30-2019-Ligue-1,0,2
Ligue1,2019-2020,4,Sat,2019-08-31,17:30,Lyon,0.8,1.1,Bordeaux,52327,Groupama Stadium,Antony Gautier,https://fbref.com/en/matches/4452848d/Lyon-Bordeaux-August-31-2019-Ligue-1,1,1
Ligue1,2019-2020,4,Sat,2019-08-31,20:00,Angers,1.0,0.7,Dijon,8988,Stade Raymond Kopa,Jérémie Pignard,https://fbref.com/en/matches/d4fa9051/Angers-Dijon-August-31-2019-Ligue-1,2,0
Ligue1,2019-2020,4,Sat,2019-08-31,20:00,Toulouse,0.9,0.4,Amiens,10184,Stadium Municipal,Florent Batta,https://fbref.com/en/matches/2ded34e6/Toulouse-Amiens-August-31-2019-Ligue-1,2,0
Ligue1,2019-2020,4,Sat,2019-08-31,20:00,Nîmes,2.2,1.1,Brest,12488,Stade des Costières,Thomas Léonard,https://fbref.com/en/matches/dab751bc/Nimes-Brest-August-31-2019-Ligue-1,3,0
Ligue1,2019-2020,4,Sat,2019-08-31,20:00,Nantes,0.7,0.8,Montpellier,18980,Stade de la Beaujoire - Louis Fonteneau,Karim Abed,https://fbref.com/en/matches/f29c2c2f/Nantes-Montpellier-August-31-2019-Ligue-1,1,0
Ligue1,2019-2020,4,Sun,2019-09-01,15:00,Rennes,0.6,1.9,Nice,26721,Roazhon Park,Johan Hamel,https://fbref.com/en/matches/9524c5c4/Rennes-Nice-September-1-2019-Ligue-1,1,2
Ligue1,2019-2020,4,Sun,2019-09-01,15:00,Reims,1.9,1.4,Lille,14477,Stade Auguste-Delaune II,Eric Wattellier,https://fbref.com/en/matches/dcba5264/Reims-Lille-September-1-2019-Ligue-1,2,0
Ligue1,2019-2020,4,Sun,2019-09-01,17:00,Strasbourg,1.1,3.1,Monaco,24556,Stade de la Meinau,Willy Delajod,https://fbref.com/en/matches/606a237c/Strasbourg-Monaco-September-1-2019-Ligue-1,2,2
Ligue1,2019-2020,4,Sun,2019-09-01,21:00,Marseille,0.8,0.7,Saint-Étienne,44074,Orange Vélodrome,Benoît Millot,https://fbref.com/en/matches/f6f6029b/Marseille-Saint-Etienne-September-1-2019-Ligue-1,1,0
Ligue1,2019-2020,5,Fri,2019-09-13,19:00,Lille,1.4,0.7,Angers,32834,Stade Pierre-Mauroy,Ruddy Buquet,https://fbref.com/en/matches/bccd66cd/Lille-Angers-September-13-2019-Ligue-1,2,1
Ligue1,2019-2020,5,Fri,2019-09-13,20:45,Amiens,0.6,1.7,Lyon,12577,Stade de la Licorne,Benoît Bastien,https://fbref.com/en/matches/6dc14554/Amiens-Lyon-September-13-2019-Ligue-1,2,2
Ligue1,2019-2020,5,Sat,2019-09-14,17:30,Paris S-G,0.9,0.5,Strasbourg,47505,Parc des Princes,Amaury Delerue,https://fbref.com/en/matches/69c5c7cd/Paris-Saint-Germain-Strasbourg-September-14-2019-Ligue-1,1,0
Ligue1,2019-2020,5,Sat,2019-09-14,20:00,Bordeaux,1.1,1.0,Metz,14352,Stade Matmut-Atlantique,Mikael Lesage,https://fbref.com/en/matches/f373f211/Bordeaux-Metz-September-14-2019-Ligue-1,2,0
Ligue1,2019-2020,5,Sat,2019-09-14,20:00,Brest,0.4,0.3,Rennes,14937,Stade Francis-Le Blé,Clément Turpin,https://fbref.com/en/matches/01ee2ed6/Brest-Rennes-September-14-2019-Ligue-1,0,0
Ligue1,2019-2020,5,Sat,2019-09-14,20:00,Dijon,0.9,0.5,Nîmes,11413,Stade Gaston Gérard,Stéphanie Frappart,https://fbref.com/en/matches/072d3781/Dijon-Nimes-September-14-2019-Ligue-1,0,0
Ligue1,2019-2020,5,Sat,2019-09-14,20:00,Montpellier,1.5,1.3,Nice,12765,Stade de la Mosson,Olivier Thual,https://fbref.com/en/matches/0b77a4c6/Montpellier-Nice-September-14-2019-Ligue-1,2,1
Ligue1,2019-2020,5,Sun,2019-09-15,15:00,Nantes,0.4,0.6,Reims,18897,Stade de la Beaujoire - Louis Fonteneau,Willy Delajod,https://fbref.com/en/matches/40123fcd/Nantes-Reims-September-15-2019-Ligue-1,1,0
Ligue1,2019-2020,5,Sun,2019-09-15,17:00,Saint-Étienne,1.4,1.7,Toulouse,24240,Stade Geoffroy-Guichard,Jeremy Stinat,https://fbref.com/en/matches/3ead5324/Saint-Etienne-Toulouse-September-15-2019-Ligue-1,2,2
Ligue1,2019-2020,5,Sun,2019-09-15,21:00,Monaco,2.8,1.9,Marseille,9147,Stade Louis II.,Antony Gautier,https://fbref.com/en/matches/2348f37e/Monaco-Marseille-September-15-2019-Ligue-1,3,4
Ligue1,2019-2020,6,Fri,2019-09-20,20:45,Strasbourg,2.2,0.6,Nantes,24013,Stade de la Meinau,Florent Batta,https://fbref.com/en/matches/357bae1b/Strasbourg-Nantes-September-20-2019-Ligue-1,2,1
Ligue1,2019-2020,6,Sat,2019-09-21,17:30,Marseille,1.5,0.1,Montpellier,48007,Orange Vélodrome,Amaury Delerue,https://fbref.com/en/matches/e8bd7cc9/Marseille-Montpellier-September-21-2019-Ligue-1,1,1
Ligue1,2019-2020,6,Sat,2019-09-21,20:00,Metz,1.5,1.5,Amiens,15106,Stade Saint-Symphorien,Hakim Ben El Hadj Salem,https://fbref.com/en/matches/b3a13bef/Metz-Amiens-September-21-2019-Ligue-1,1,2
Ligue1,2019-2020,6,Sat,2019-09-21,20:00,Nice,1.0,1.7,Dijon,16255,Stade de Nice,Willy Delajod,https://fbref.com/en/matches/45b44957/Nice-Dijon-September-21-2019-Ligue-1,2,1
Ligue1,2019-2020,6,Sat,2019-09-21,20:00,Reims,1.8,0.6,Monaco,14426,Stade Auguste-Delaune II,Olivier Thual,https://fbref.com/en/matches/9980de54/Reims-Monaco-September-21-2019-Ligue-1,0,0
Ligue1,2019-2020,6,Sat,2019-09-21,20:00,Nîmes,1.5,0.9,Toulouse,12258,Stade des Costières,Karim Abed,https://fbref.com/en/matches/345875ba/Nimes-Toulouse-September-21-2019-Ligue-1,1,0
Ligue1,2019-2020,6,Sat,2019-09-21,20:00,Bordeaux,1.2,1.4,Brest,15213,Stade Matmut-Atlantique,Benoît Millot,https://fbref.com/en/matches/abbfce8e/Bordeaux-Brest-September-21-2019-Ligue-1,2,2
Ligue1,2019-2020,6,Sun,2019-09-22,15:00,Rennes,0.5,1.3,Lille,25772,Roazhon Park,Jérôme Brisard,https://fbref.com/en/matches/396ba364/Rennes-Lille-September-22-2019-Ligue-1,1,1
Ligue1,2019-2020,6,Sun,2019-09-22,17:00,Angers,1.6,0.5,Saint-Étienne,9831,Stade Raymond Kopa,Franck Schneider,https://fbref.com/en/matches/b88f4566/Angers-Saint-Etienne-September-22-2019-Ligue-1,4,1
Ligue1,2019-2020,6,Sun,2019-09-22,21:00,Lyon,0.8,1.9,Paris S-G,54583,Groupama Stadium,Ruddy Buquet,https://fbref.com/en/matches/3f42f919/Lyon-Paris-Saint-Germain-September-22-2019-Ligue-1,0,1
Ligue1,2019-2020,7,Tue,2019-09-24,19:00,Dijon,1.5,1.1,Marseille,15061,Stade Gaston Gérard,Jeremy Stinat,https://fbref.com/en/matches/8001f653/Dijon-Marseille-September-24-2019-Ligue-1,0,0
Ligue1,2019-2020,7,Tue,2019-09-24,21:00,Monaco,2.0,0.6,Nice,9358,Stade Louis II.,Mikael Lesage,https://fbref.com/en/matches/b7b1a9b7/Monaco-Nice-September-24-2019-Ligue-1,3,1
Ligue1,2019-2020,7,Wed,2019-09-25,19:00,Nantes,1.3,1.2,Rennes,26952,Stade de la Beaujoire - Louis Fonteneau,Antony Gautier,https://fbref.com/en/matches/6bbdfbc9/Nantes-Rennes-September-25-2019-Ligue-1,1,0
Ligue1,2019-2020,7,Wed,2019-09-25,19:00,Lille,2.7,0.5,Strasbourg,30103,Stade Pierre-Mauroy,Johan Hamel,https://fbref.com/en/matches/d0674983/Lille-Strasbourg-September-25-2019-Ligue-1,2,0
Ligue1,2019-2020,7,Wed,2019-09-25,19:00,Saint-Étienne,1.0,0.9,Metz,19712,Stade Geoffroy-Guichard,Eric Wattellier,https://fbref.com/en/matches/8cef4d5d/Saint-Etienne-Metz-September-25-2019-Ligue-1,0,1
Ligue1,2019-2020,7,Wed,2019-09-25,19:00,Amiens,1.6,1.0,Bordeaux,11367,Stade de la Licorne,Willy Delajod,https://fbref.com/en/matches/7da226b0/Amiens-Bordeaux-September-25-2019-Ligue-1,1,3
Ligue1,2019-2020,7,Wed,2019-09-25,19:00,Montpellier,0.6,1.1,Nîmes,16445,Stade de la Mosson,Benoît Bastien,https://fbref.com/en/matches/9b0141fa/Montpellier-Nimes-September-25-2019-Ligue-1,1,0
Ligue1,2019-2020,7,Wed,2019-09-25,19:00,Toulouse,0.2,1.7,Angers,10177,Stadium Municipal,Olivier Thual,https://fbref.com/en/matches/226e048a/Toulouse-Angers-September-25-2019-Ligue-1,0,2
Ligue1,2019-2020,7,Wed,2019-09-25,19:00,Brest,0.6,1.0,Lyon,14472,Stade Francis-Le Blé,Amaury Delerue,https://fbref.com/en/matches/4b5cf87f/Brest-Lyon-September-25-2019-Ligue-1,2,2
Ligue1,2019-2020,7,Wed,2019-09-25,21:00,Paris S-G,0.5,1.0,Reims,47376,Parc des Princes,François Letexier,https://fbref.com/en/matches/3b093a5f/Paris-Saint-Germain-Reims-September-25-2019-Ligue-1,0,2
Ligue1,2019-2020,8,Sat,2019-09-28,13:30,Lyon,1.4,0.4,Nantes,46647,Groupama Stadium,Benoît Millot,https://fbref.com/en/matches/b4eded32/Lyon-Nantes-September-28-2019-Ligue-1,0,1
Ligue1,2019-2020,8,Sat,2019-09-28,17:30,Bordeaux,0.1,3.1,Paris S-G,39215,Stade Matmut-Atlantique,Jérôme Brisard,https://fbref.com/en/matches/34b060d7/Bordeaux-Paris-Saint-Germain-September-28-2019-Ligue-1,0,1
Ligue1,2019-2020,8,Sat,2019-09-28,20:00,Metz,1.7,1.0,Toulouse,15054,Stade Saint-Symphorien,Florent Batta,https://fbref.com/en/matches/497adb3d/Metz-Toulouse-September-28-2019-Ligue-1,2,2
Ligue1,2019-2020,8,Sat,2019-09-28,20:00,Reims,1.7,1.6,Dijon,11033,Stade Auguste-Delaune II,Jérémie Pignard,https://fbref.com/en/matches/11427784/Reims-Dijon-September-28-2019-Ligue-1,1,2
Ligue1,2019-2020,8,Sat,2019-09-28,20:00,Monaco,3.9,0.6,Brest,4576,Stade Louis II.,Ruddy Buquet,https://fbref.com/en/matches/6897ba5f/Monaco-Brest-September-28-2019-Ligue-1,4,1
Ligue1,2019-2020,8,Sat,2019-09-28,20:00,Angers,0.9,0.9,Amiens,9331,Stade Raymond Kopa,Karim Abed,https://fbref.com/en/matches/a78642fc/Angers-Amiens-September-28-2019-Ligue-1,1,1
Ligue1,2019-2020,8,Sat,2019-09-28,20:00,Nice,0.9,1.4,Lille,18295,Stade de Nice,Clément Turpin,https://fbref.com/en/matches/60d0b499/Nice-Lille-September-28-2019-Ligue-1,1,1
Ligue1,2019-2020,8,Sun,2019-09-29,15:00,Strasbourg,0.5,1.5,Montpellier,25010,Stade de la Meinau,Hakim Ben El Hadj Salem,https://fbref.com/en/matches/b36ebf72/Strasbourg-Montpellier-September-29-2019-Ligue-1,1,0
Ligue1,2019-2020,8,Sun,2019-09-29,17:00,Nîmes,1.7,0.9,Saint-Étienne,13802,Stade des Costières,Thomas Léonard,https://fbref.com/en/matches/29153323/Nimes-Saint-Etienne-September-29-2019-Ligue-1,0,1
Ligue1,2019-2020,8,Sun,2019-09-29,21:00,Marseille,0.8,1.0,Rennes,44281,Orange Vélodrome,Franck Schneider,https://fbref.com/en/matches/8e2959e7/Marseille-Rennes-September-29-2019-Ligue-1,1,1
Ligue1,2019-2020,9,Fri,2019-10-04,20:45,Amiens,2.2,0.4,Marseille,12737,Stade de la Licorne,Johan Hamel,https://fbref.com/en/matches/e99f67f2/Amiens-Marseille-October-4-2019-Ligue-1,3,1
Ligue1,2019-2020,9,Sat,2019-10-05,17:30,Paris S-G,3.0,0.6,Angers,47700,Parc des Princes,Willy Delajod,https://fbref.com/en/matches/1045dfef/Paris-Saint-Germain-Angers-October-5-2019-Ligue-1,4,0
Ligue1,2019-2020,9,Sat,2019-10-05,20:00,Montpellier,2.4,1.3,Monaco,15532,Stade de la Mosson,François Letexier,https://fbref.com/en/matches/06871282/Montpellier-Monaco-October-5-2019-Ligue-1,3,1
Ligue1,2019-2020,9,Sat,2019-10-05,20:00,Nantes,1.8,0.4,Nice,15532,Stade de la Beaujoire - Louis Fonteneau,Amaury Delerue,https://fbref.com/en/matches/ce5358d6/Nantes-Nice-October-5-2019-Ligue-1,1,0
Ligue1,2019-2020,9,Sat,2019-10-05,20:00,Dijon,1.1,1.0,Strasbourg,12124,Stade Gaston Gérard,Olivier Thual,https://fbref.com/en/matches/3f92cf75/Dijon-Strasbourg-October-5-2019-Ligue-1,1,0
Ligue1,2019-2020,9,Sat,2019-10-05,20:00,Toulouse,0.9,0.7,Bordeaux,20084,Stadium Municipal,Benoît Bastien,https://fbref.com/en/matches/d9af748d/Toulouse-Bordeaux-October-5-2019-Ligue-1,1,3
Ligue1,2019-2020,9,Sat,2019-10-05,20:00,Brest,0.7,0.5,Metz,12682,Stade Francis-Le Blé,Antony Gautier,https://fbref.com/en/matches/d403980d/Brest-Metz-October-5-2019-Ligue-1,2,0
Ligue1,2019-2020,9,Sun,2019-10-06,15:00,Lille,2.7,1.5,Nîmes,31542,Stade Pierre-Mauroy,Mikael Lesage,https://fbref.com/en/matches/9827f912/Lille-Nimes-October-6-2019-Ligue-1,2,2
Ligue1,2019-2020,9,Sun,2019-10-06,17:00,Rennes,1.3,1.1,Reims,20950,Roazhon Park,Stéphanie Frappart,https://fbref.com/en/matches/23bbcc52/Rennes-Reims-October-6-2019-Ligue-1,0,1
Ligue1,2019-2020,9,Sun,2019-10-06,21:00,Saint-Étienne,0.5,0.5,Lyon,34071,Stade Geoffroy-Guichard,Clément Turpin,https://fbref.com/en/matches/489aa2c8/Saint-Etienne-Lyon-October-6-2019-Ligue-1,1,0
Ligue1,2019-2020,10,Fri,2019-10-18,20:45,Nice,1.2,3.3,Paris S-G,32705,Stade de Nice,François Letexier,https://fbref.com/en/matches/069913fd/Nice-Paris-Saint-Germain-October-18-2019-Ligue-1,1,4
Ligue1,2019-2020,10,Sat,2019-10-19,17:30,Lyon,2.4,0.6,Dijon,48454,Groupama Stadium,Franck Schneider,https://fbref.com/en/matches/f3aa05f9/Lyon-Dijon-October-19-2019-Ligue-1,0,0
Ligue1,2019-2020,10,Sat,2019-10-19,20:00,Toulouse,2.8,0.8,Lille,12277,Stadium Municipal,Stéphanie Frappart,https://fbref.com/en/matches/72079474/Toulouse-Lille-October-19-2019-Ligue-1,2,1
Ligue1,2019-2020,10,Sat,2019-10-19,20:00,Metz,1.1,0.5,Nantes,16533,Stade Saint-Symphorien,Jérémie Pignard,https://fbref.com/en/matches/3c860a3a/Metz-Nantes-October-19-2019-Ligue-1,1,0
Ligue1,2019-2020,10,Sat,2019-10-19,20:00,Reims,0.7,0.5,Montpellier,12187,Stade Auguste-Delaune II,Florent Batta,https://fbref.com/en/matches/722e8fe6/Reims-Montpellier-October-19-2019-Ligue-1,1,0
Ligue1,2019-2020,10,Sat,2019-10-19,20:00,Angers,1.8,0.2,Brest,10369,Stade Raymond Kopa,Eric Wattellier,https://fbref.com/en/matches/f4521631/Angers-Brest-October-19-2019-Ligue-1,0,1
Ligue1,2019-2020,10,Sat,2019-10-19,20:00,Nîmes,0.6,1.4,Amiens,12189,Stade des Costières,Jeremy Stinat,https://fbref.com/en/matches/dc28b8e0/Nimes-Amiens-October-19-2019-Ligue-1,1,1
Ligue1,2019-2020,10,Sun,2019-10-20,15:00,Bordeaux,0.9,0.9,Saint-Étienne,25952,Stade Matmut-Atlantique,Ruddy Buquet,https://fbref.com/en/matches/e67d0f70/Bordeaux-Saint-Etienne-October-20-2019-Ligue-1,0,1
Ligue1,2019-2020,10,Sun,2019-10-20,17:00,Monaco,1.7,1.8,Rennes,6763,Stade Louis II.,Jérôme Brisard,https://fbref.com/en/matches/227e5809/Monaco-Rennes-October-20-2019-Ligue-1,3,2
Ligue1,2019-2020,10,Sun,2019-10-20,21:00,Marseille,1.4,0.4,Strasbourg,50203,Orange Vélodrome,Hakim Ben El Hadj Salem,https://fbref.com/en/matches/c8e0282b/Marseille-Strasbourg-October-20-2019-Ligue-1,2,0
Ligue1,2019-2020,11,Fri,2019-10-25,20:45,Nantes,1.6,0.8,Monaco,30656,Stade de la Beaujoire - Louis Fonteneau,Thomas Léonard,https://fbref.com/en/matches/611e5767/Nantes-Monaco-October-25-2019-Ligue-1,0,1
Ligue1,2019-2020,11,Sat,2019-10-26,17:30,Lille,1.6,0.3,Bordeaux,35925,Stade Pierre-Mauroy,Willy Delajod,https://fbref.com/en/matches/ae3fff65/Lille-Bordeaux-October-26-2019-Ligue-1,3,0
Ligue1,2019-2020,11,Sat,2019-10-26,20:00,Lyon,1.7,0.7,Metz,48889,Groupama Stadium,Johan Hamel,https://fbref.com/en/matches/43557cfb/Lyon-Metz-October-26-2019-Ligue-1,2,0
Ligue1,2019-2020,11,Sat,2019-10-26,20:00,Montpellier,1.0,0.8,Angers,12678,Stade de la Mosson,Benoît Millot,https://fbref.com/en/matches/dcb21e47/Montpellier-Angers-October-26-2019-Ligue-1,0,0
Ligue1,2019-2020,11,Sat,2019-10-26,20:00,Reims,0.6,0.5,Nîmes,12329,Stade Auguste-Delaune II,Clément Turpin,https://fbref.com/en/matches/85daa283/Reims-Nimes-October-26-2019-Ligue-1,0,0
Ligue1,2019-2020,11,Sat,2019-10-26,20:00,Brest,1.5,1.4,Dijon,14232,Stade Francis-Le Blé,Jérémie Pignard,https://fbref.com/en/matches/d2906fab/Brest-Dijon-October-26-2019-Ligue-1,2,0
Ligue1,2019-2020,11,Sat,2019-10-26,20:00,Strasbourg,1.9,0.6,Nice,25007,Stade de la Meinau,Mikael Lesage,https://fbref.com/en/matches/72816286/Strasbourg-Nice-October-26-2019-Ligue-1,1,0
Ligue1,2019-2020,11,Sun,2019-10-27,15:00,Rennes,1.6,1.5,Toulouse,22918,Roazhon Park,Antony Gautier,https://fbref.com/en/matches/7fbe4c70/Rennes-Toulouse-October-27-2019-Ligue-1,3,2
Ligue1,2019-2020,11,Sun,2019-10-27,17:00,Saint-Étienne,0.8,1.7,Amiens,18877,Stade Geoffroy-Guichard,Amaury Delerue,https://fbref.com/en/matches/296bee41/Saint-Etienne-Amiens-October-27-2019-Ligue-1,2,2
Ligue1,2019-2020,11,Sun,2019-10-27,21:00,Paris S-G,3.3,0.9,Marseille,47926,Parc des Princes,Benoît Bastien,https://fbref.com/en/matches/cc3d6ed7/Paris-Saint-Germain-Marseille-October-27-2019-Ligue-1,4,0
Ligue1,2019-2020,12,Fri,2019-11-01,20:45,Dijon,0.7,2.6,Paris S-G,14859,Stade Gaston Gérard,Ruddy Buquet,https://fbref.com/en/matches/e402000b/Dijon-Paris-Saint-Germain-November-1-2019-Ligue-1,2,1
Ligue1,2019-2020,12,Sat,2019-11-02,17:30,Marseille,0.9,0.5,Lille,53321,Orange Vélodrome,Hakim Ben El Hadj Salem,https://fbref.com/en/matches/8a98eb80/Marseille-Lille-November-2-2019-Ligue-1,2,1
Ligue1,2019-2020,12,Sat,2019-11-02,20:00,Angers,1.2,1.3,Strasbourg,9681,Stade Raymond Kopa,Florent Batta,https://fbref.com/en/matches/fa414126/Angers-Strasbourg-November-2-2019-Ligue-1,1,0
Ligue1,2019-2020,12,Sat,2019-11-02,20:00,Metz,1.7,0.9,Montpellier,14644,Stade Saint-Symphorien,Stéphanie Frappart,https://fbref.com/en/matches/732b8271/Metz-Montpellier-November-2-2019-Ligue-1,2,2
Ligue1,2019-2020,12,Sat,2019-11-02,20:00,Amiens,1.4,1.2,Brest,12246,Stade de la Licorne,Franck Schneider,https://fbref.com/en/matches/60b4a92b/Amiens-Brest-November-2-2019-Ligue-1,1,0
Ligue1,2019-2020,12,Sat,2019-11-02,20:00,Toulouse,1.2,2.6,Lyon,16225,Stadium Municipal,Karim Abed,https://fbref.com/en/matches/4bd6a637/Toulouse-Lyon-November-2-2019-Ligue-1,2,3
Ligue1,2019-2020,12,Sun,2019-11-03,15:00,Bordeaux,1.2,0.7,Nantes,19545,Stade Matmut-Atlantique,François Letexier,https://fbref.com/en/matches/84c26b31/Bordeaux-Nantes-November-3-2019-Ligue-1,2,0
Ligue1,2019-2020,12,Sun,2019-11-03,17:00,Nice,1.1,0.7,Reims,15468,Stade de Nice,Jeremy Stinat,https://fbref.com/en/matches/16203438/Nice-Reims-November-3-2019-Ligue-1,2,0
Ligue1,2019-2020,12,Sun,2019-11-03,21:00,Saint-Étienne,1.5,1.1,Monaco,15685,Stade Geoffroy-Guichard,Jérôme Brisard,https://fbref.com/en/matches/2e1fed4f/Saint-Etienne-Monaco-November-3-2019-Ligue-1,1,0
Ligue1,2019-2020,13,Fri,2019-11-08,20:45,Nice,1.1,1.7,Bordeaux,16173,Stade de Nice,Johan Hamel,https://fbref.com/en/matches/530f42c7/Nice-Bordeaux-November-8-2019-Ligue-1,1,1
Ligue1,2019-2020,13,Sat,2019-11-09,17:30,Brest,1.0,2.0,Paris S-G,15144,Stade Francis-Le Blé,Mikael Lesage,https://fbref.com/en/matches/2fac5cc5/Brest-Paris-Saint-Germain-November-9-2019-Ligue-1,1,2
Ligue1,2019-2020,13,Sat,2019-11-09,20:00,Strasbourg,3.8,0.7,Nîmes,24745,Stade de la Meinau,Ruddy Buquet,https://fbref.com/en/matches/ed9cd2ff/Strasbourg-Nimes-November-9-2019-Ligue-1,4,1
Ligue1,2019-2020,13,Sat,2019-11-09,20:00,Monaco,2.4,1.4,Dijon,5223,Stade Louis II.,Eric Wattellier,https://fbref.com/en/matches/3f3e4c1c/Monaco-Dijon-November-9-2019-Ligue-1,1,0
Ligue1,2019-2020,13,Sat,2019-11-09,20:00,Reims,0.4,0.8,Angers,10876,Stade Auguste-Delaune II,Hakim Ben El Hadj Salem,https://fbref.com/en/matches/acf79647/Reims-Angers-November-9-2019-Ligue-1,0,0
Ligue1,2019-2020,13,Sat,2019-11-09,20:00,Lille,1.5,0.1,Metz,33425,Stade Pierre-Mauroy,Florent Batta,https://fbref.com/en/matches/cd67d9fb/Lille-Metz-November-9-2019-Ligue-1,0,0
Ligue1,2019-2020,13,Sun,2019-11-10,15:00,Rennes,2.7,1.1,Amiens,20677,Roazhon Park,Benoît Bastien,https://fbref.com/en/matches/04f4ebe8/Rennes-Amiens-November-10-2019-Ligue-1,3,1
Ligue1,2019-2020,13,Sun,2019-11-10,17:00,Nantes,0.7,0.6,Saint-Étienne,34191,Stade de la Beaujoire - Louis Fonteneau,Clément Turpin,https://fbref.com/en/matches/02e854a5/Nantes-Saint-Etienne-November-10-2019-Ligue-1,2,3
Ligue1,2019-2020,13,Sun,2019-11-10,17:00,Montpellier,1.2,0.4,Toulouse,12734,Stade de la Mosson,Thomas Léonard,https://fbref.com/en/matches/3faf3220/Montpellier-Toulouse-November-10-2019-Ligue-1,3,0
Ligue1,2019-2020,13,Sun,2019-11-10,21:00,Marseille,1.2,1.2,Lyon,65421,Orange Vélodrome,Antony Gautier,https://fbref.com/en/matches/b040e290/Choc-des-Olympiques-Marseille-Lyon-November-10-2019-Ligue-1,2,1
Ligue1,2019-2020,14,Fri,2019-11-22,20:45,Paris S-G,2.4,0.8,Lille,47476,Parc des Princes,Willy Delajod,https://fbref.com/en/matches/6fdcac1b/Paris-Saint-Germain-Lille-November-22-2019-Ligue-1,2,0
Ligue1,2019-2020,14,Sat,2019-11-23,17:30,Lyon,1.3,1.4,Nice,49401,Groupama Stadium,Amaury Delerue,https://fbref.com/en/matches/e9a225b8/Lyon-Nice-November-23-2019-Ligue-1,2,1
Ligue1,2019-2020,14,Sat,2019-11-23,20:00,Dijon,1.0,1.2,Rennes,12084,Stade Gaston Gérard,Jérôme Brisard,https://fbref.com/en/matches/b41ab9fc/Dijon-Rennes-November-23-2019-Ligue-1,2,1
Ligue1,2019-2020,14,Sat,2019-11-23,20:00,Angers,1.8,0.9,Nîmes,8714,Stade Raymond Kopa,Thomas Léonard,https://fbref.com/en/matches/0cffbe9b/Angers-Nimes-November-23-2019-Ligue-1,1,0
Ligue1,2019-2020,14,Sat,2019-11-23,20:00,Brest,1.4,0.9,Nantes,14232,Stade Francis-Le Blé,Ruddy Buquet,https://fbref.com/en/matches/9458f4f1/Brest-Nantes-November-23-2019-Ligue-1,1,1
Ligue1,2019-2020,14,Sat,2019-11-23,20:00,Amiens,0.3,1.9,Strasbourg,10358,Stade de la Licorne,Alain Bieri,https://fbref.com/en/matches/28bf571d/Amiens-Strasbourg-November-23-2019-Ligue-1,0,4
Ligue1,2019-2020,14,Sat,2019-11-23,20:00,Metz,1.0,1.5,Reims,14445,Stade Saint-Symphorien,Antony Gautier,https://fbref.com/en/matches/014f9644/Metz-Reims-November-23-2019-Ligue-1,1,1
Ligue1,2019-2020,14,Sun,2019-11-24,15:00,Bordeaux,2.2,0.9,Monaco,34554,Stade Matmut-Atlantique,Benoît Millot,https://fbref.com/en/matches/ba976640/Bordeaux-Monaco-November-24-2019-Ligue-1,2,1
Ligue1,2019-2020,14,Sun,2019-11-24,17:00,Saint-Étienne,0.9,1.0,Montpellier,24336,Stade Geoffroy-Guichard,Franck Schneider,https://fbref.com/en/matches/f28ed7e0/Saint-Etienne-Montpellier-November-24-2019-Ligue-1,0,0
Ligue1,2019-2020,14,Sun,2019-11-24,21:00,Toulouse,0.7,2.1,Marseille,23002,Stadium Municipal,François Letexier,https://fbref.com/en/matches/a0234cd8/Toulouse-Marseille-November-24-2019-Ligue-1,0,2
Ligue1,2019-2020,15,Fri,2019-11-29,20:45,Marseille,4.0,0.8,Brest,50014,Orange Vélodrome,Johan Hamel,https://fbref.com/en/matches/6078cdb0/Marseille-Brest-November-29-2019-Ligue-1,2,1
Ligue1,2019-2020,15,Sat,2019-11-30,17:30,Strasbourg,0.5,0.7,Lyon,25455,Stade de la Meinau,Mikael Lesage,https://fbref.com/en/matches/05568b0f/Strasbourg-Lyon-November-30-2019-Ligue-1,1,2
Ligue1,2019-2020,15,Sat,2019-11-30,20:00,Lille,2.0,0.9,Dijon,40074,Stade Pierre-Mauroy,Jeremy Stinat,https://fbref.com/en/matches/a805affd/Lille-Dijon-November-30-2019-Ligue-1,1,0
Ligue1,2019-2020,15,Sat,2019-11-30,20:00,Montpellier,1.1,0.9,Amiens,11744,Stade de la Mosson,Jérémie Pignard,https://fbref.com/en/matches/849ed455/Montpellier-Amiens-November-30-2019-Ligue-1,4,2
Ligue1,2019-2020,15,Sat,2019-11-30,20:00,Nice,1.5,0.6,Angers,15814,Stade de Nice,Antony Gautier,https://fbref.com/en/matches/7a4b3854/Nice-Angers-November-30-2019-Ligue-1,3,1
Ligue1,2019-2020,15,Sat,2019-11-30,20:00,Nîmes,0.9,0.7,Metz,12180,Stade des Costières,Hakim Ben El Hadj Salem,https://fbref.com/en/matches/b21cdf23/Nimes-Metz-November-30-2019-Ligue-1,1,1
Ligue1,2019-2020,15,Sat,2019-11-30,20:00,Reims,1.0,0.3,Bordeaux,12949,Stade Auguste-Delaune II,Jérôme Brisard,https://fbref.com/en/matches/f5607a4d/Reims-Bordeaux-November-30-2019-Ligue-1,1,1
Ligue1,2019-2020,15,Sun,2019-12-01,15:00,Nantes,2.5,1.0,Toulouse,13751,Stade de la Beaujoire - Louis Fonteneau,Florent Batta,https://fbref.com/en/matches/5034cbf2/Nantes-Toulouse-December-1-2019-Ligue-1,2,1
Ligue1,2019-2020,15,Sun,2019-12-01,17:00,Rennes,1.3,0.4,Saint-Étienne,26738,Roazhon Park,Eric Wattellier,https://fbref.com/en/matches/dc985012/Rennes-Saint-Etienne-December-1-2019-Ligue-1,2,1
Ligue1,2019-2020,16,Tue,2019-12-03,19:00,Angers,0.5,2.1,Marseille,12455,Stade Raymond Kopa,Franck Schneider,https://fbref.com/en/matches/1e20a4d3/Angers-Marseille-December-3-2019-Ligue-1,0,2
Ligue1,2019-2020,16,Tue,2019-12-03,19:00,Brest,2.0,0.7,Strasbourg,12437,Stade Francis-Le Blé,Jérôme Brisard,https://fbref.com/en/matches/00ff5b36/Brest-Strasbourg-December-3-2019-Ligue-1,5,0
Ligue1,2019-2020,16,Tue,2019-12-03,19:00,Bordeaux,2.5,0.2,Nîmes,12419,Stade Matmut-Atlantique,Clément Turpin,https://fbref.com/en/matches/a042e20c/Bordeaux-Nimes-December-3-2019-Ligue-1,6,0
Ligue1,2019-2020,16,Tue,2019-12-03,21:05,Lyon,0.8,0.7,Lille,42535,Groupama Stadium,Ruddy Buquet,https://fbref.com/en/matches/39c2b0bc/Lyon-Lille-December-3-2019-Ligue-1,0,1
Ligue1,2019-2020,16,Wed,2019-12-04,19:00,Saint-Étienne,3.1,1.4,Nice,20138,Stade Geoffroy-Guichard,Thomas Léonard,https://fbref.com/en/matches/482151a9/Saint-Etienne-Nice-December-4-2019-Ligue-1,4,1
Ligue1,2019-2020,16,Wed,2019-12-04,19:00,Dijon,1.5,1.4,Montpellier,11926,Stade Gaston Gérard,François Letexier,https://fbref.com/en/matches/53815b65/Dijon-Montpellier-December-4-2019-Ligue-1,2,2
Ligue1,2019-2020,16,Wed,2019-12-04,19:00,Metz,1.0,0.9,Rennes,14214,Stade Saint-Symphorien,Karim Abed,https://fbref.com/en/matches/ea0f46ed/Metz-Rennes-December-4-2019-Ligue-1,0,1
Ligue1,2019-2020,16,Wed,2019-12-04,19:00,Toulouse,1.8,3.4,Monaco,13030,Stadium Municipal,Willy Delajod,https://fbref.com/en/matches/f05a27c3/Toulouse-Monaco-December-4-2019-Ligue-1,1,2
Ligue1,2019-2020,16,Wed,2019-12-04,21:05,Paris S-G,2.8,0.4,Nantes,47485,Parc des Princes,Amaury Delerue,https://fbref.com/en/matches/034f9888/Paris-Saint-Germain-Nantes-December-4-2019-Ligue-1,2,0
Ligue1,2019-2020,17,Fri,2019-12-06,19:00,Lille,1.9,0.4,Brest,32682,Stade Pierre-Mauroy,Eric Wattellier,https://fbref.com/en/matches/f4e93571/Lille-Brest-December-6-2019-Ligue-1,1,0
Ligue1,2019-2020,17,Fri,2019-12-06,20:45,Nîmes,0.3,2.8,Lyon,12801,Stade des Costières,Olivier Thual,https://fbref.com/en/matches/69807836/Nimes-Lyon-December-6-2019-Ligue-1,0,4
Ligue1,2019-2020,17,Sat,2019-12-07,17:30,Montpellier,0.3,1.1,Paris S-G,20197,Stade de la Mosson,Antony Gautier,https://fbref.com/en/matches/a12652fc/Montpellier-Paris-Saint-Germain-December-7-2019-Ligue-1,1,3
Ligue1,2019-2020,17,Sat,2019-12-07,20:00,Rennes,1.7,1.0,Angers,25656,Roazhon Park,Amaury Delerue,https://fbref.com/en/matches/b5f436b7/Rennes-Angers-December-7-2019-Ligue-1,2,1
Ligue1,2019-2020,17,Sat,2019-12-07,20:00,Monaco,2.2,0.3,Amiens,4203,Stade Louis II.,Jeremy Stinat,https://fbref.com/en/matches/50712203/Monaco-Amiens-December-7-2019-Ligue-1,3,0
Ligue1,2019-2020,17,Sat,2019-12-07,20:00,Nice,2.1,1.4,Metz,14967,Stade de Nice,Jérémie Pignard,https://fbref.com/en/matches/a3f7ecee/Nice-Metz-December-7-2019-Ligue-1,4,1
Ligue1,2019-2020,17,Sat,2019-12-07,20:00,Strasbourg,2.1,1.4,Toulouse,23634,Stade de la Meinau,Johan Hamel,https://fbref.com/en/matches/29c107c0/Strasbourg-Toulouse-December-7-2019-Ligue-1,4,2
Ligue1,2019-2020,17,Sun,2019-12-08,15:00,Reims,0.9,0.6,Saint-Étienne,14512,Stade Auguste-Delaune II,Stéphanie Frappart,https://fbref.com/en/matches/ec26fb5e/Reims-Saint-Etienne-December-8-2019-Ligue-1,3,1
Ligue1,2019-2020,17,Sun,2019-12-08,17:00,Nantes,1.3,0.3,Dijon,16001,Stade de la Beaujoire - Louis Fonteneau,Hakim Ben El Hadj Salem,https://fbref.com/en/matches/839e1f41/Nantes-Dijon-December-8-2019-Ligue-1,1,0
Ligue1,2019-2020,17,Sun,2019-12-08,21:00,Marseille,1.5,0.1,Bordeaux,52079,Orange Vélodrome,Mikael Lesage,https://fbref.com/en/matches/8ef49951/Marseille-Bordeaux-December-8-2019-Ligue-1,3,1
Ligue1,2019-2020,18,Fri,2019-12-13,20:45,Lille,1.9,1.4,Montpellier,30170,Stade Pierre-Mauroy,Jérôme Brisard,https://fbref.com/en/matches/ce9dbf6c/Lille-Montpellier-December-13-2019-Ligue-1,2,1
Ligue1,2019-2020,18,Sat,2019-12-14,17:30,Metz,1.1,1.2,Marseille,20586,Stade Saint-Symphorien,Willy Delajod,https://fbref.com/en/matches/25d02292/Metz-Marseille-December-14-2019-Ligue-1,1,1
Ligue1,2019-2020,18,Sat,2019-12-14,20:00,Angers,1.1,0.5,Monaco,9959,Stade Raymond Kopa,Hakim Ben El Hadj Salem,https://fbref.com/en/matches/1eae8125/Angers-Monaco-December-14-2019-Ligue-1,0,0
Ligue1,2019-2020,18,Sat,2019-12-14,20:00,Brest,1.9,0.9,Nice,13042,Stade Francis-Le Blé,Franck Schneider,https://fbref.com/en/matches/755442f2/Brest-Nice-December-14-2019-Ligue-1,0,0
Ligue1,2019-2020,18,Sat,2019-12-14,20:00,Amiens,0.5,0.5,Dijon,10530,Stade de la Licorne,Thomas Léonard,https://fbref.com/en/matches/f411c1ab/Amiens-Dijon-December-14-2019-Ligue-1,1,1
Ligue1,2019-2020,18,Sat,2019-12-14,20:00,Toulouse,0.4,1.2,Reims,12577,Stadium Municipal,Clément Turpin,https://fbref.com/en/matches/83992d8c/Toulouse-Reims-December-14-2019-Ligue-1,0,1
Ligue1,2019-2020,18,Sat,2019-12-14,20:00,Nîmes,1.0,1.6,Nantes,12098,Stade des Costières,Karim Abed,https://fbref.com/en/matches/96cf7140/Nimes-Nantes-December-14-2019-Ligue-1,0,1
Ligue1,2019-2020,18,Sun,2019-12-15,15:00,Bordeaux,1.4,0.8,Strasbourg,18710,Stade Matmut-Atlantique,Florent Batta,https://fbref.com/en/matches/9fdf4b32/Bordeaux-Strasbourg-December-15-2019-Ligue-1,0,1
Ligue1,2019-2020,18,Sun,2019-12-15,17:00,Lyon,0.5,1.8,Rennes,45010,Groupama Stadium,Benoît Bastien,https://fbref.com/en/matches/71bb9fd6/Lyon-Rennes-December-15-2019-Ligue-1,0,1
Ligue1,2019-2020,18,Sun,2019-12-15,21:00,Saint-Étienne,1.0,3.8,Paris S-G,36391,Stade Geoffroy-Guichard,Ruddy Buquet,https://fbref.com/en/matches/96382964/Saint-Etienne-Paris-Saint-Germain-December-15-2019-Ligue-1,0,4
Ligue1,2019-2020,19,Sat,2019-12-21,20:45,Rennes,1.2,0.5,Bordeaux,26403,Roazhon Park,Thomas Léonard,https://fbref.com/en/matches/d8628a89/Rennes-Bordeaux-December-21-2019-Ligue-1,1,0
Ligue1,2019-2020,19,Sat,2019-12-21,20:45,Montpellier,1.9,0.8,Brest,12975,Stade de la Mosson,Jeremy Stinat,https://fbref.com/en/matches/00e2a846/Montpellier-Brest-December-21-2019-Ligue-1,4,0
Ligue1,2019-2020,19,Sat,2019-12-21,20:45,Reims,1.3,1.5,Lyon,17257,Stade Auguste-Delaune II,Amaury Delerue,https://fbref.com/en/matches/86f989f4/Reims-Lyon-December-21-2019-Ligue-1,1,1
Ligue1,2019-2020,19,Sat,2019-12-21,20:45,Nice,1.8,0.3,Toulouse,17945,Stade de Nice,Stéphanie Frappart,https://fbref.com/en/matches/e8a3106f/Nice-Toulouse-December-21-2019-Ligue-1,3,0
Ligue1,2019-2020,19,Sat,2019-12-21,20:45,Paris S-G,4.1,0.6,Amiens,47693,Parc des Princes,Eric Wattellier,https://fbref.com/en/matches/76f9c1c5/Paris-Saint-Germain-Amiens-December-21-2019-Ligue-1,4,1
Ligue1,2019-2020,19,Sat,2019-12-21,20:45,Dijon,0.8,1.6,Metz,12309,Stade Gaston Gérard,Johan Hamel,https://fbref.com/en/matches/39e45efb/Dijon-Metz-December-21-2019-Ligue-1,2,2
Ligue1,2019-2020,19,Sat,2019-12-21,20:45,Marseille,1.9,0.8,Nîmes,59043,Orange Vélodrome,François Letexier,https://fbref.com/en/matches/e0f11820/Marseille-Nimes-December-21-2019-Ligue-1,3,1
Ligue1,2019-2020,19,Sat,2019-12-21,20:45,Strasbourg,0.9,1.6,Saint-Étienne,25471,Stade de la Meinau,Olivier Thual,https://fbref.com/en/matches/13cc917f/Strasbourg-Saint-Etienne-December-21-2019-Ligue-1,2,1
Ligue1,2019-2020,19,Sat,2019-12-21,20:45,Nantes,0.4,1.1,Angers,29807,Stade de la Beaujoire - Louis Fonteneau,Jérémie Pignard,https://fbref.com/en/matches/75725dce/Nantes-Angers-December-21-2019-Ligue-1,1,2
Ligue1,2019-2020,19,Sat,2019-12-21,20:45,Monaco,2.2,0.5,Lille,5388,Stade Louis II.,Mikael Lesage,https://fbref.com/en/matches/366a38e2/Monaco-Lille-December-21-2019-Ligue-1,5,1
Ligue1,2019-2020,20,Fri,2020-01-10,20:45,Rennes,0.6,0.8,Marseille,28896,Roazhon Park,Benoît Millot,https://fbref.com/en/matches/9f4b3890/Rennes-Marseille-January-10-2020-Ligue-1,0,1
Ligue1,2019-2020,20,Sat,2020-01-11,17:30,Bordeaux,0.8,2.4,Lyon,28737,Stade Matmut-Atlantique,Clément Turpin,https://fbref.com/en/matches/43e69a64/Bordeaux-Lyon-January-11-2020-Ligue-1,1,2
Ligue1,2019-2020,20,Sat,2020-01-11,20:00,Angers,1.1,1.1,Nice,9105,Stade Raymond Kopa,Willy Delajod,https://fbref.com/en/matches/4daa0523/Angers-Nice-January-11-2020-Ligue-1,1,1
Ligue1,2019-2020,20,Sat,2020-01-11,20:00,Toulouse,1.0,1.4,Brest,13666,Stadium Municipal,Hakim Ben El Hadj Salem,https://fbref.com/en/matches/dbfb4e83/Toulouse-Brest-January-11-2020-Ligue-1,2,5
Ligue1,2019-2020,20,Sat,2020-01-11,20:00,Amiens,0.8,0.9,Montpellier,10205,Stade de la Licorne,Karim Abed,https://fbref.com/en/matches/8162554c/Amiens-Montpellier-January-11-2020-Ligue-1,1,2
Ligue1,2019-2020,20,Sat,2020-01-11,20:00,Metz,1.0,1.5,Strasbourg,18079,Stade Saint-Symphorien,Jérôme Brisard,https://fbref.com/en/matches/d9f9c0a1/Metz-Strasbourg-January-11-2020-Ligue-1,1,0
Ligue1,2019-2020,20,Sat,2020-01-11,20:00,Nîmes,1.6,0.2,Reims,11867,Stade des Costières,Olivier Thual,https://fbref.com/en/matches/71d9f713/Nimes-Reims-January-11-2020-Ligue-1,2,0
Ligue1,2019-2020,20,Sun,2020-01-12,15:00,Saint-Étienne,0.7,0.7,Nantes,,Stade Geoffroy-Guichard,Benoît Bastien,https://fbref.com/en/matches/f3582678/Saint-Etienne-Nantes-January-12-2020-Ligue-1,0,2
Ligue1,2019-2020,20,Sun,2020-01-12,17:00,Dijon,1.1,1.0,Lille,12115,Stade Gaston Gérard,Franck Schneider,https://fbref.com/en/matches/ebc42624/Dijon-Lille-January-12-2020-Ligue-1,1,0
Ligue1,2019-2020,20,Sun,2020-01-12,21:00,Paris S-G,2.4,2.6,Monaco,47580,Parc des Princes,Antony Gautier,https://fbref.com/en/matches/3848e3d0/Paris-Saint-Germain-Monaco-January-12-2020-Ligue-1,3,3
Ligue1,2019-2020,12,Wed,2020-01-15,19:00,Nîmes,0.3,0.8,Rennes,12388,Stade des Costières,Willy Delajod,https://fbref.com/en/matches/32c89f13/Nimes-Rennes-January-15-2020-Ligue-1,0,1
Ligue1,2019-2020,16,Wed,2020-01-15,19:00,Amiens,1.0,0.3,Reims,10712,Stade de la Licorne,Johan Hamel,https://fbref.com/en/matches/3fbfdbc5/Amiens-Reims-January-15-2020-Ligue-1,1,1
Ligue1,2019-2020,15,Wed,2020-01-15,21:00,Monaco,1.0,3.2,Paris S-G,11214,Stade Louis II.,François Letexier,https://fbref.com/en/matches/3533cc5d/Monaco-Paris-Saint-Germain-January-15-2020-Ligue-1,1,4
Ligue1,2019-2020,21,Fri,2020-01-24,20:45,Nice,2.6,2.3,Rennes,15199,Stade de Nice,Hakim Ben El Hadj Salem,https://fbref.com/en/matches/31c57d5a/Nice-Rennes-January-24-2020-Ligue-1,1,1
Ligue1,2019-2020,21,Sat,2020-01-25,17:30,Marseille,0.4,0.2,Angers,55761,Orange Vélodrome,Johan Hamel,https://fbref.com/en/matches/66e11813/Marseille-Angers-January-25-2020-Ligue-1,0,0
Ligue1,2019-2020,21,Sat,2020-01-25,20:00,Saint-Étienne,2.0,0.7,Nîmes,23927,Stade Geoffroy-Guichard,Jeremy Stinat,https://fbref.com/en/matches/ad7a624a/Saint-Etienne-Nimes-January-25-2020-Ligue-1,2,1
Ligue1,2019-2020,21,Sat,2020-01-25,20:00,Reims,0.5,0.9,Metz,11818,Stade Auguste-Delaune II,Jérémie Pignard,https://fbref.com/en/matches/9ea76f2a/Reims-Metz-January-25-2020-Ligue-1,0,1
Ligue1,2019-2020,21,Sat,2020-01-25,20:00,Montpellier,2.0,0.5,Dijon,11129,Stade de la Mosson,Jérôme Miguelgorry,https://fbref.com/en/matches/246a1ab3/Montpellier-Dijon-January-25-2020-Ligue-1,2,1
Ligue1,2019-2020,21,Sat,2020-01-25,20:00,Monaco,0.9,1.2,Strasbourg,4800,Stade Louis II.,Eric Wattellier,https://fbref.com/en/matches/2553b608/Monaco-Strasbourg-January-25-2020-Ligue-1,1,3
Ligue1,2019-2020,21,Sat,2020-01-25,20:00,Brest,1.0,1.1,Amiens,12866,Stade Francis-Le Blé,Thomas Léonard,https://fbref.com/en/matches/b6b7f965/Brest-Amiens-January-25-2020-Ligue-1,2,1
Ligue1,2019-2020,21,Sun,2020-01-26,15:00,Lyon,1.2,0.4,Toulouse,42582,Groupama Stadium,Antony Gautier,https://fbref.com/en/matches/52a994ab/Lyon-Toulouse-January-26-2020-Ligue-1,3,0
Ligue1,2019-2020,21,Sun,2020-01-26,17:00,Nantes,0.2,0.9,Bordeaux,29839,Stade de la Beaujoire - Louis Fonteneau,Karim Abed,https://fbref.com/en/matches/9d9d651a/Nantes-Bordeaux-January-26-2020-Ligue-1,0,1
Ligue1,2019-2020,21,Sun,2020-01-26,21:00,Lille,0.6,2.1,Paris S-G,49132,Stade Pierre-Mauroy,Amaury Delerue,https://fbref.com/en/matches/54632cb4/Lille-Paris-Saint-Germain-January-26-2020-Ligue-1,0,2
Ligue1,2019-2020,22,Fri,2020-01-31,20:45,Rennes,2.4,0.8,Nantes,27836,Roazhon Park,Benoît Millot,https://fbref.com/en/matches/9c4c2caa/Rennes-Nantes-January-31-2020-Ligue-1,3,2
Ligue1,2019-2020,22,Sat,2020-02-01,17:30,Paris S-G,2.6,0.2,Montpellier,47701,Parc des Princes,Jérôme Brisard,https://fbref.com/en/matches/1a826b08/Paris-Saint-Germain-Montpellier-February-1-2020-Ligue-1,5,0
Ligue1,2019-2020,22,Sat,2020-02-01,20:00,Angers,1.1,1.4,Reims,8467,Stade Raymond Kopa,Amaury Delerue,https://fbref.com/en/matches/12de06b5/Angers-Reims-February-1-2020-Ligue-1,1,4
Ligue1,2019-2020,22,Sat,2020-02-01,20:00,Nîmes,2.0,0.7,Monaco,12580,Stade des Costières,Mikael Lesage,https://fbref.com/en/matches/49b45502/Nimes-Monaco-February-1-2020-Ligue-1,3,1
Ligue1,2019-2020,22,Sat,2020-02-01,20:00,Dijon,0.9,1.4,Brest,11212,Stade Gaston Gérard,Olivier Thual,https://fbref.com/en/matches/959ca3f4/Dijon-Brest-February-1-2020-Ligue-1,3,0
Ligue1,2019-2020,22,Sat,2020-02-01,20:00,Amiens,0.4,0.4,Toulouse,10992,Stade de la Licorne,François Letexier,https://fbref.com/en/matches/933c09df/Amiens-Toulouse-February-1-2020-Ligue-1,0,0
Ligue1,2019-2020,22,Sat,2020-02-01,20:00,Strasbourg,1.6,1.3,Lille,25139,Stade de la Meinau,Stéphanie Frappart,https://fbref.com/en/matches/20e22348/Strasbourg-Lille-February-1-2020-Ligue-1,1,2
Ligue1,2019-2020,22,Sun,2020-02-02,15:00,Nice,1.5,1.2,Lyon,23553,Stade de Nice,Benoît Bastien,https://fbref.com/en/matches/8ced3663/Nice-Lyon-February-2-2020-Ligue-1,2,1
Ligue1,2019-2020,22,Sun,2020-02-02,17:00,Metz,0.8,1.7,Saint-Étienne,15636,Stade Saint-Symphorien,Antony Gautier,https://fbref.com/en/matches/7d4b9547/Metz-Saint-Etienne-February-2-2020-Ligue-1,3,1
Ligue1,2019-2020,22,Sun,2020-02-02,21:00,Bordeaux,1.0,0.5,Marseille,36196,Stade Matmut-Atlantique,Ruddy Buquet,https://fbref.com/en/matches/f250868e/Bordeaux-Marseille-February-2-2020-Ligue-1,0,0
Ligue1,2019-2020,23,Tue,2020-02-04,19:00,Monaco,0.4,1.0,Angers,3585,Stade Louis II.,Jeremy Stinat,https://fbref.com/en/matches/7903d407/Monaco-Angers-February-4-2020-Ligue-1,1,0
Ligue1,2019-2020,23,Tue,2020-02-04,19:00,Lille,0.7,0.3,Rennes,35030,Stade Pierre-Mauroy,Johan Hamel,https://fbref.com/en/matches/d9676438/Lille-Rennes-February-4-2020-Ligue-1,1,0
Ligue1,2019-2020,23,Tue,2020-02-04,21:05,Nantes,2.6,3.3,Paris S-G,34307,Stade de la Beaujoire - Louis Fonteneau,Franck Schneider,https://fbref.com/en/matches/05995e27/Nantes-Paris-Saint-Germain-February-4-2020-Ligue-1,1,2
Ligue1,2019-2020,23,Wed,2020-02-05,19:00,Reims,1.2,0.9,Nice,11384,Stade Auguste-Delaune II,Eric Wattellier,https://fbref.com/en/matches/92b90701/Reims-Nice-February-5-2020-Ligue-1,1,1
Ligue1,2019-2020,23,Wed,2020-02-05,19:00,Montpellier,0.4,1.6,Metz,10786,Stade de la Mosson,Hakim Ben El Hadj Salem,https://fbref.com/en/matches/7f29bbeb/Montpellier-Metz-February-5-2020-Ligue-1,1,1
Ligue1,2019-2020,23,Wed,2020-02-05,19:00,Lyon,0.3,0.3,Amiens,36670,Groupama Stadium,Jérôme Miguelgorry,https://fbref.com/en/matches/7c7ae822/Lyon-Amiens-February-5-2020-Ligue-1,0,0
Ligue1,2019-2020,23,Wed,2020-02-05,19:00,Toulouse,0.8,1.2,Strasbourg,16596,Stadium Municipal,Karim Abed,https://fbref.com/en/matches/deb4591b/Toulouse-Strasbourg-February-5-2020-Ligue-1,0,1
Ligue1,2019-2020,23,Wed,2020-02-05,19:00,Nîmes,1.9,0.6,Dijon,11705,Stade des Costières,Florent Batta,https://fbref.com/en/matches/bc959bd2/Nimes-Dijon-February-5-2020-Ligue-1,2,0
Ligue1,2019-2020,23,Wed,2020-02-05,19:00,Brest,1.8,1.1,Bordeaux,13034,Stade Francis-Le Blé,Willy Delajod,https://fbref.com/en/matches/4079307b/Brest-Bordeaux-February-5-2020-Ligue-1,1,1
Ligue1,2019-2020,23,Wed,2020-02-05,21:00,Saint-Étienne,0.4,0.3,Marseille,29074,Stade Geoffroy-Guichard,Jérôme Brisard,https://fbref.com/en/matches/e0585a2c/Saint-Etienne-Marseille-February-5-2020-Ligue-1,0,2
Ligue1,2019-2020,24,Fri,2020-02-07,20:45,Angers,0.5,1.7,Lille,9145,Stade Raymond Kopa,Benoît Bastien,https://fbref.com/en/matches/33be3ae3/Angers-Lille-February-7-2020-Ligue-1,0,2
Ligue1,2019-2020,24,Sat,2020-02-08,17:30,Marseille,0.9,1.4,Toulouse,53995,Orange Vélodrome,Stéphanie Frappart,https://fbref.com/en/matches/214838cd/Marseille-Toulouse-February-8-2020-Ligue-1,1,0
Ligue1,2019-2020,24,Sat,2020-02-08,20:00,Nice,1.0,1.2,Nîmes,15603,Stade de Nice,Antony Gautier,https://fbref.com/en/matches/0e95f0b1/Nice-Nimes-February-8-2020-Ligue-1,1,3
Ligue1,2019-2020,24,Sat,2020-02-08,20:00,Metz,0.7,1.9,Bordeaux,15054,Stade Saint-Symphorien,François Letexier,https://fbref.com/en/matches/27c16c8e/Metz-Bordeaux-February-8-2020-Ligue-1,1,2
Ligue1,2019-2020,24,Sat,2020-02-08,20:00,Rennes,0.8,0.7,Brest,28436,Roazhon Park,Ruddy Buquet,https://fbref.com/en/matches/f7b6175c/Rennes-Brest-February-8-2020-Ligue-1,0,0
Ligue1,2019-2020,24,Sat,2020-02-08,20:00,Amiens,0.4,1.5,Monaco,11683,Stade de la Licorne,Olivier Thual,https://fbref.com/en/matches/88588a42/Amiens-Monaco-February-8-2020-Ligue-1,1,2
Ligue1,2019-2020,24,Sat,2020-02-08,20:00,Dijon,1.4,0.6,Nantes,11780,Stade Gaston Gérard,Jérémie Pignard,https://fbref.com/en/matches/3bce2b02/Dijon-Nantes-February-8-2020-Ligue-1,3,3
Ligue1,2019-2020,24,Sun,2020-02-09,15:00,Montpellier,0.6,1.2,Saint-Étienne,14669,Stade de la Mosson,Amaury Delerue,https://fbref.com/en/matches/d27871a5/Montpellier-Saint-Etienne-February-9-2020-Ligue-1,1,0
Ligue1,2019-2020,24,Sun,2020-02-09,17:00,Strasbourg,3.0,0.3,Reims,25241,Stade de la Meinau,Thomas Léonard,https://fbref.com/en/matches/4311e750/Strasbourg-Reims-February-9-2020-Ligue-1,3,0
Ligue1,2019-2020,24,Sun,2020-02-09,21:00,Paris S-G,1.7,1.1,Lyon,47000,Parc des Princes,Clément Turpin,https://fbref.com/en/matches/ecb860ee/Paris-Saint-Germain-Lyon-February-9-2020-Ligue-1,4,2
Ligue1,2019-2020,25,Fri,2020-02-14,20:45,Monaco,2.2,1.1,Montpellier,4384,Stade Louis II.,Ruddy Buquet,https://fbref.com/en/matches/ce7e2e5c/Monaco-Montpellier-February-14-2020-Ligue-1,1,0
Ligue1,2019-2020,25,Sat,2020-02-15,17:30,Amiens,1.5,2.8,Paris S-G,12964,Stade de la Licorne,Hakim Ben El Hadj Salem,https://fbref.com/en/matches/ff28a15d/Amiens-Paris-Saint-Germain-February-15-2020-Ligue-1,4,4
Ligue1,2019-2020,25,Sat,2020-02-15,20:00,Nantes,1.3,0.2,Metz,20444,Stade de la Beaujoire - Louis Fonteneau,Jeremy Stinat,https://fbref.com/en/matches/f4432a29/Nantes-Metz-February-15-2020-Ligue-1,0,0
Ligue1,2019-2020,25,Sat,2020-02-15,20:00,Toulouse,2.3,1.0,Nice,12903,Stadium Municipal,Jérôme Miguelgorry,https://fbref.com/en/matches/6e66b261/Toulouse-Nice-February-15-2020-Ligue-1,0,2
Ligue1,2019-2020,25,Sat,2020-02-15,20:00,Bordeaux,1.2,1.0,Dijon,13701,Stade Matmut-Atlantique,Mikael Lesage,https://fbref.com/en/matches/42866f19/Bordeaux-Dijon-February-15-2020-Ligue-1,2,2
Ligue1,2019-2020,25,Sat,2020-02-15,20:00,Nîmes,1.3,0.6,Angers,12417,Stade des Costières,Karim Abed,https://fbref.com/en/matches/f7444ee9/Nimes-Angers-February-15-2020-Ligue-1,1,0
Ligue1,2019-2020,25,Sun,2020-02-16,15:00,Lyon,1.1,1.2,Strasbourg,45141,Groupama Stadium,Johan Hamel,https://fbref.com/en/matches/8c092a2e/Lyon-Strasbourg-February-16-2020-Ligue-1,1,1
Ligue1,2019-2020,25,Sun,2020-02-16,17:00,Reims,1.4,0.2,Rennes,13026,Stade Auguste-Delaune II,Florent Batta,https://fbref.com/en/matches/380e12ff/Reims-Rennes-February-16-2020-Ligue-1,1,0
Ligue1,2019-2020,25,Sun,2020-02-16,17:00,Brest,1.8,1.3,Saint-Étienne,13399,Stade Francis-Le Blé,Eric Wattellier,https://fbref.com/en/matches/0e49cb0e/Brest-Saint-Etienne-February-16-2020-Ligue-1,3,2
Ligue1,2019-2020,25,Sun,2020-02-16,21:00,Lille,1.1,1.4,Marseille,47314,Stade Pierre-Mauroy,Franck Schneider,https://fbref.com/en/matches/4200fd77/Lille-Marseille-February-16-2020-Ligue-1,1,2
Ligue1,2019-2020,26,Fri,2020-02-21,19:00,Nice,1.5,0.8,Brest,15856,Stade de Nice,Jérémie Pignard,https://fbref.com/en/matches/83547b97/Nice-Brest-February-21-2020-Ligue-1,2,2
Ligue1,2019-2020,26,Fri,2020-02-21,20:45,Metz,0.2,1.9,Lyon,18247,Stade Saint-Symphorien,Eric Wattellier,https://fbref.com/en/matches/e18d5120/Metz-Lyon-February-21-2020-Ligue-1,0,2
Ligue1,2019-2020,26,Sat,2020-02-22,17:30,Marseille,0.8,0.7,Nantes,60430,Orange Vélodrome,Jérôme Miguelgorry,https://fbref.com/en/matches/0c00c9f5/Marseille-Nantes-February-22-2020-Ligue-1,1,3
Ligue1,2019-2020,26,Sat,2020-02-22,20:00,Strasbourg,0.8,0.0,Amiens,26109,Stade de la Meinau,Amaury Delerue,https://fbref.com/en/matches/cef1a56e/Strasbourg-Amiens-February-22-2020-Ligue-1,0,0
Ligue1,2019-2020,26,Sat,2020-02-22,20:00,Angers,1.2,1.0,Montpellier,9453,Stade Raymond Kopa,Antony Gautier,https://fbref.com/en/matches/e720ea98/Angers-Montpellier-February-22-2020-Ligue-1,1,0
Ligue1,2019-2020,26,Sat,2020-02-22,20:00,Dijon,1.7,2.3,Monaco,13657,Stade Gaston Gérard,François Letexier,https://fbref.com/en/matches/77d4af91/Dijon-Monaco-February-22-2020-Ligue-1,1,1
Ligue1,2019-2020,26,Sat,2020-02-22,20:00,Lille,2.5,0.6,Toulouse,37034,Stade Pierre-Mauroy,Thomas Léonard,https://fbref.com/en/matches/495a8c36/Lille-Toulouse-February-22-2020-Ligue-1,3,0
Ligue1,2019-2020,26,Sun,2020-02-23,15:00,Saint-Étienne,0.4,1.1,Reims,24868,Stade Geoffroy-Guichard,Benoît Bastien,https://fbref.com/en/matches/70161e6e/Saint-Etienne-Reims-February-23-2020-Ligue-1,1,1
Ligue1,2019-2020,26,Sun,2020-02-23,17:00,Rennes,2.8,0.4,Nîmes,28084,Roazhon Park,Stéphanie Frappart,https://fbref.com/en/matches/2347ecb7/Rennes-Nimes-February-23-2020-Ligue-1,2,1
Ligue1,2019-2020,26,Sun,2020-02-23,21:00,Paris S-G,4.1,1.5,Bordeaux,47771,Parc des Princes,Willy Delajod,https://fbref.com/en/matches/063d852f/Paris-Saint-Germain-Bordeaux-February-23-2020-Ligue-1,4,3
Ligue1,2019-2020,27,Fri,2020-02-28,20:45,Nîmes,1.7,2.0,Marseille,13755,Stade des Costières,Clément Turpin,https://fbref.com/en/matches/741bb329/Nimes-Marseille-February-28-2020-Ligue-1,2,3
Ligue1,2019-2020,27,Sat,2020-02-29,17:30,Paris S-G,5.0,0.3,Dijon,47542,Parc des Princes,Karim Abed,https://fbref.com/en/matches/2eaba122/Paris-Saint-Germain-Dijon-February-29-2020-Ligue-1,4,0
Ligue1,2019-2020,27,Sat,2020-02-29,20:00,Monaco,2.1,0.9,Reims,4237,Stade Louis II.,Hakim Ben El Hadj Salem,https://fbref.com/en/matches/12987445/Monaco-Reims-February-29-2020-Ligue-1,1,1
Ligue1,2019-2020,27,Sat,2020-02-29,20:00,Toulouse,0.9,1.3,Rennes,13301,Stadium Municipal,Jeremy Stinat,https://fbref.com/en/matches/d318ba39/Toulouse-Rennes-February-29-2020-Ligue-1,0,2
Ligue1,2019-2020,27,Sat,2020-02-29,20:00,Brest,1.0,0.3,Angers,13313,Stade Francis-Le Blé,Florent Batta,https://fbref.com/en/matches/0cacfaf7/Brest-Angers-February-29-2020-Ligue-1,0,1
Ligue1,2019-2020,27,Sat,2020-02-29,20:00,Amiens,1.3,0.9,Metz,12375,Stade de la Licorne,Johan Hamel,https://fbref.com/en/matches/a150dd2b/Amiens-Metz-February-29-2020-Ligue-1,0,1
Ligue1,2019-2020,27,Sat,2020-02-29,20:00,Montpellier,2.8,0.9,Strasbourg,11799,Stade de la Mosson,Mikael Lesage,https://fbref.com/en/matches/6b6f73f9/Montpellier-Strasbourg-February-29-2020-Ligue-1,3,0
Ligue1,2019-2020,27,Sun,2020-03-01,15:00,Nantes,0.3,2.1,Lille,20704,Stade de la Beaujoire - Louis Fonteneau,Willy Delajod,https://fbref.com/en/matches/03615629/Nantes-Lille-March-1-2020-Ligue-1,0,1
Ligue1,2019-2020,27,Sun,2020-03-01,17:00,Bordeaux,1.7,0.5,Nice,15799,Stade Matmut-Atlantique,Benoît Millot,https://fbref.com/en/matches/3da7bfc1/Bordeaux-Nice-March-1-2020-Ligue-1,1,1
Ligue1,2019-2020,27,Sun,2020-03-01,21:00,Lyon,2.4,0.6,Saint-Étienne,52772,Groupama Stadium,Franck Schneider,https://fbref.com/en/matches/976ee1e8/Lyon-Saint-Etienne-March-1-2020-Ligue-1,2,0
Ligue1,2019-2020,28,Fri,2020-03-06,21:00,Marseille,1.0,2.1,Amiens,49748,Orange Vélodrome,François Letexier,https://fbref.com/en/matches/3d1749e4/Marseille-Amiens-March-6-2020-Ligue-1,2,2
Ligue1,2019-2020,28,Sat,2020-03-07,20:00,Nice,1.1,1.1,Monaco,21001,Stade de Nice,Amaury Delerue,https://fbref.com/en/matches/2659c124/Nice-Monaco-March-7-2020-Ligue-1,2,1
Ligue1,2019-2020,28,Sat,2020-03-07,20:00,Angers,0.7,1.3,Nantes,12132,Stade Raymond Kopa,Stéphanie Frappart,https://fbref.com/en/matches/2b8d8bad/Angers-Nantes-March-7-2020-Ligue-1,2,0
Ligue1,2019-2020,28,Sat,2020-03-07,20:00,Metz,1.6,1.5,Nîmes,14797,Stade Saint-Symphorien,Ruddy Buquet,https://fbref.com/en/matches/a1ccdee8/Metz-Nimes-March-7-2020-Ligue-1,2,1
Ligue1,2019-2020,28,Sat,2020-03-07,20:00,Dijon,1.0,0.8,Toulouse,12549,Stade Gaston Gérard,Jérôme Brisard,https://fbref.com/en/matches/524ddd0c/Dijon-Toulouse-March-7-2020-Ligue-1,2,1
Ligue1,2019-2020,28,Sat,2020-03-07,20:00,Reims,2.0,1.2,Brest,11062,Stade Auguste-Delaune II,Karim Abed,https://fbref.com/en/matches/f5ad37d0/Reims-Brest-March-7-2020-Ligue-1,1,0
Ligue1,2019-2020,28,Sun,2020-03-08,15:00,Saint-Étienne,0.8,0.7,Bordeaux,24912,Stade Geoffroy-Guichard,Thomas Léonard,https://fbref.com/en/matches/4bbf91db/Saint-Etienne-Bordeaux-March-8-2020-Ligue-1,1,1
Ligue1,2019-2020,28,Sun,2020-03-08,17:00,Rennes,3.2,0.8,Montpellier,24818,Roazhon Park,Jérémie Pignard,https://fbref.com/en/matches/90e46e79/Rennes-Montpellier-March-8-2020-Ligue-1,5,0
Ligue1,2019-2020,28,Sun,2020-03-08,21:00,Lille,1.1,0.9,Lyon,40164,Stade Pierre-Mauroy,Benoît Bastien,https://fbref.com/en/matches/e417691c/Lille-Lyon-March-8-2020-Ligue-1,1,0
Ligue1,2019-2020,29,Fri,2020-03-13,20:45,Lyon,,,Reims,,Groupama Stadium,,https://fbref.com/en/matches/1d845950/Lyon-Reims-March-13-2020-Ligue-1,,
Ligue1,2019-2020,29,Sat,2020-03-14,17:30,Montpellier,,,Marseille,,Stade de la Mosson,,https://fbref.com/en/matches/f4fca137/Montpellier-Marseille-March-14-2020-Ligue-1,,
Ligue1,2019-2020,29,Sat,2020-03-14,20:00,Toulouse,,,Metz,,Stadium Municipal,,https://fbref.com/en/matches/a2b045b6/Toulouse-Metz-March-14-2020-Ligue-1,,
Ligue1,2019-2020,29,Sat,2020-03-14,20:00,Brest,,,Lille,,Stade Francis-Le Blé,,https://fbref.com/en/matches/b39a4356/Brest-Lille-March-14-2020-Ligue-1,,
Ligue1,2019-2020,29,Sat,2020-03-14,20:00,Amiens,,,Angers,,Stade de la Licorne,,https://fbref.com/en/matches/d111b826/Amiens-Angers-March-14-2020-Ligue-1,,
Ligue1,2019-2020,29,Sat,2020-03-14,20:00,Strasbourg,,,Dijon,,Stade de la Meinau,,https://fbref.com/en/matches/9a6f4349/Strasbourg-Dijon-March-14-2020-Ligue-1,,
Ligue1,2019-2020,29,Sat,2020-03-14,20:00,Nantes,,,Nîmes,,Stade de la Beaujoire - Louis Fonteneau,,https://fbref.com/en/matches/57db75ba/Nantes-Nimes-March-14-2020-Ligue-1,,
Ligue1,2019-2020,29,Sun,2020-03-15,15:00,Bordeaux,,,Rennes,,Stade Matmut-Atlantique,,https://fbref.com/en/matches/84b29f19/Bordeaux-Rennes-March-15-2020-Ligue-1,,
Ligue1,2019-2020,29,Sun,2020-03-15,17:00,Monaco,,,Saint-Étienne,,Stade Louis II.,,https://fbref.com/en/matches/cfc6d72b/Monaco-Saint-Etienne-March-15-2020-Ligue-1,,
Ligue1,2019-2020,29,Sun,2020-03-15,21:00,Paris S-G,,,Nice,,Parc des Princes,,https://fbref.com/en/matches/98d0c3f5/Paris-Saint-Germain-Nice-March-15-2020-Ligue-1,,
Ligue1,2019-2020,28,Wed,2020-03-18,,Strasbourg,,,Paris S-G,,Stade de la Meinau,,https://fbref.com/en/matches/16e073b9/Strasbourg-Paris-Saint-Germain-March-18-2020-Ligue-1,,
Ligue1,2019-2020,30,Fri,2020-03-20,20:45,Lille,,,Monaco,,Stade Pierre-Mauroy,,https://fbref.com/en/matches/59d303b3/Lille-Monaco-March-20-2020-Ligue-1,,
Ligue1,2019-2020,30,Sat,2020-03-21,17:30,Rennes,,,Lyon,,Roazhon Park,,https://fbref.com/en/matches/954c95bd/Rennes-Lyon-March-21-2020-Ligue-1,,
Ligue1,2019-2020,30,Sat,2020-03-21,20:00,Nice,,,Montpellier,,Stade de Nice,,https://fbref.com/en/matches/c6851d6c/Nice-Montpellier-March-21-2020-Ligue-1,,
Ligue1,2019-2020,30,Sat,2020-03-21,20:00,Angers,,,Toulouse,,Stade Raymond Kopa,,https://fbref.com/en/matches/b18f296e/Angers-Toulouse-March-21-2020-Ligue-1,,
Ligue1,2019-2020,30,Sat,2020-03-21,20:00,Nîmes,,,Bordeaux,,Stade des Costières,,https://fbref.com/en/matches/9a7e6ab4/Nimes-Bordeaux-March-21-2020-Ligue-1,,
Ligue1,2019-2020,30,Sat,2020-03-21,20:00,Metz,,,Brest,,Stade Saint-Symphorien,,https://fbref.com/en/matches/7c5d60f4/Metz-Brest-March-21-2020-Ligue-1,,
Ligue1,2019-2020,30,Sat,2020-03-21,20:00,Dijon,,,Amiens,,Stade Gaston Gérard,,https://fbref.com/en/matches/7c1066b8/Dijon-Amiens-March-21-2020-Ligue-1,,
Ligue1,2019-2020,30,Sun,2020-03-22,15:00,Saint-Étienne,,,Strasbourg,,Stade Geoffroy-Guichard,,https://fbref.com/en/matches/8006241c/Saint-Etienne-Strasbourg-March-22-2020-Ligue-1,,
Ligue1,2019-2020,30,Sun,2020-03-22,17:00,Reims,,,Nantes,,Stade Auguste-Delaune II,,https://fbref.com/en/matches/15af867b/Reims-Nantes-March-22-2020-Ligue-1,,
Ligue1,2019-2020,30,Sun,2020-03-22,21:00,Marseille,,,Paris S-G,,Orange Vélodrome,,https://fbref.com/en/matches/7db1787f/Marseille-Paris-Saint-Germain-March-22-2020-Ligue-1,,
Ligue1,2019-2020,31,Sun,2020-04-05,,Lyon,,,Nîmes,,Groupama Stadium,,https://fbref.com/en/matches/66a90faf/Lyon-Nimes-April-5-2020-Ligue-1,,
Ligue1,2019-2020,31,Sun,2020-04-05,,Paris S-G,,,Metz,,Parc des Princes,,https://fbref.com/en/matches/8aa9d26a/Paris-Saint-Germain-Metz-April-5-2020-Ligue-1,,
Ligue1,2019-2020,31,Sat,2020-04-04,17:30,Montpellier,,,Lille,,Stade de la Mosson,,https://fbref.com/en/matches/30d69d30/Montpellier-Lille-April-4-2020-Ligue-1,,
Ligue1,2019-2020,31,Sat,2020-04-04,19:15,Toulouse,,,Saint-Étienne,,Stadium Municipal,,https://fbref.com/en/matches/8e059c84/Toulouse-Saint-Etienne-April-4-2020-Ligue-1,,
Ligue1,2019-2020,31,Sun,2020-04-05,15:00,Monaco,,,Nantes,,Stade Louis II.,,https://fbref.com/en/matches/a9969cbc/Monaco-Nantes-April-5-2020-Ligue-1,,
Ligue1,2019-2020,31,Sun,2020-04-05,17:00,Bordeaux,,,Reims,,Stade Matmut-Atlantique,,https://fbref.com/en/matches/95d4d994/Bordeaux-Reims-April-5-2020-Ligue-1,,
Ligue1,2019-2020,31,Sun,2020-04-05,17:00,Strasbourg,,,Angers,,Stade de la Meinau,,https://fbref.com/en/matches/0331f622/Strasbourg-Angers-April-5-2020-Ligue-1,,
Ligue1,2019-2020,31,Sun,2020-04-05,17:00,Amiens,,,Rennes,,Stade de la Licorne,,https://fbref.com/en/matches/a2b504b7/Amiens-Rennes-April-5-2020-Ligue-1,,
Ligue1,2019-2020,31,Sun,2020-04-05,17:00,Dijon,,,Nice,,Stade Gaston Gérard,,https://fbref.com/en/matches/94873d92/Dijon-Nice-April-5-2020-Ligue-1,,
Ligue1,2019-2020,31,Sun,2020-04-05,21:00,Brest,,,Marseille,,Stade Francis-Le Blé,,https://fbref.com/en/matches/b107c312/Brest-Marseille-April-5-2020-Ligue-1,,
Ligue1,2019-2020,32,Sat,2020-04-11,,Marseille,,,Dijon,,Orange Vélodrome,,https://fbref.com/en/matches/91b282fd/Marseille-Dijon-April-11-2020-Ligue-1,,
Ligue1,2019-2020,32,Sat,2020-04-11,,Reims,,,Toulouse,,Stade Auguste-Delaune II,,https://fbref.com/en/matches/1a829f24/Reims-Toulouse-April-11-2020-Ligue-1,,
Ligue1,2019-2020,32,Sat,2020-04-11,,Nice,,,Strasbourg,,Stade de Nice,,https://fbref.com/en/matches/b4fb1a04/Nice-Strasbourg-April-11-2020-Ligue-1,,
Ligue1,2019-2020,32,Sat,2020-04-11,,Bordeaux,,,Amiens,,Stade Matmut-Atlantique,,https://fbref.com/en/matches/900d207e/Bordeaux-Amiens-April-11-2020-Ligue-1,,
Ligue1,2019-2020,32,Sat,2020-04-11,,Saint-Étienne,,,Rennes,,Stade Geoffroy-Guichard,,https://fbref.com/en/matches/a6220762/Saint-Etienne-Rennes-April-11-2020-Ligue-1,,
Ligue1,2019-2020,32,Sat,2020-04-11,,Nantes,,,Lyon,,Stade de la Beaujoire - Louis Fonteneau,,https://fbref.com/en/matches/7024e6a9/Nantes-Lyon-April-11-2020-Ligue-1,,
Ligue1,2019-2020,32,Sat,2020-04-11,,Metz,,,Lille,,Stade Saint-Symphorien,,https://fbref.com/en/matches/a9a4fa42/Metz-Lille-April-11-2020-Ligue-1,,
Ligue1,2019-2020,32,Sat,2020-04-11,,Angers,,,Paris S-G,,Stade Raymond Kopa,,https://fbref.com/en/matches/4539502a/Angers-Paris-Saint-Germain-April-11-2020-Ligue-1,,
Ligue1,2019-2020,32,Sat,2020-04-11,,Brest,,,Monaco,,Stade Francis-Le Blé,,https://fbref.com/en/matches/1b327b14/Brest-Monaco-April-11-2020-Ligue-1,,
Ligue1,2019-2020,32,Sat,2020-04-11,,Nîmes,,,Montpellier,,Stade des Costières,,https://fbref.com/en/matches/10b7bd4b/Nimes-Montpellier-April-11-2020-Ligue-1,,
Ligue1,2019-2020,33,Sat,2020-04-18,,Strasbourg,,,Brest,,Stade de la Meinau,,https://fbref.com/en/matches/a151d71c/Strasbourg-Brest-April-18-2020-Ligue-1,,
Ligue1,2019-2020,33,Sat,2020-04-18,,Lyon,,,Marseille,,Groupama Stadium,,https://fbref.com/en/matches/385c7fa5/Choc-des-Olympiques-Lyon-Marseille-April-18-2020-Ligue-1,,
Ligue1,2019-2020,33,Sat,2020-04-18,,Lille,,,Nice,,Stade Pierre-Mauroy,,https://fbref.com/en/matches/d29312ea/Lille-Nice-April-18-2020-Ligue-1,,
Ligue1,2019-2020,33,Sat,2020-04-18,,Montpellier,,,Reims,,Stade de la Mosson,,https://fbref.com/en/matches/c9cadfbb/Montpellier-Reims-April-18-2020-Ligue-1,,
Ligue1,2019-2020,33,Sat,2020-04-18,,Amiens,,,Nîmes,,Stade de la Licorne,,https://fbref.com/en/matches/d9f87fb2/Amiens-Nimes-April-18-2020-Ligue-1,,
Ligue1,2019-2020,33,Sat,2020-04-18,,Monaco,,,Bordeaux,,Stade Louis II.,,https://fbref.com/en/matches/25b47edc/Monaco-Bordeaux-April-18-2020-Ligue-1,,
Ligue1,2019-2020,33,Sat,2020-04-18,,Paris S-G,,,Saint-Étienne,,Parc des Princes,,https://fbref.com/en/matches/3cbe315e/Paris-Saint-Germain-Saint-Etienne-April-18-2020-Ligue-1,,
Ligue1,2019-2020,33,Sat,2020-04-18,,Toulouse,,,Nantes,,Stadium Municipal,,https://fbref.com/en/matches/57c36729/Toulouse-Nantes-April-18-2020-Ligue-1,,
Ligue1,2019-2020,33,Sat,2020-04-18,,Dijon,,,Angers,,Stade Gaston Gérard,,https://fbref.com/en/matches/6da7fab9/Dijon-Angers-April-18-2020-Ligue-1,,
Ligue1,2019-2020,33,Sat,2020-04-18,,Rennes,,,Metz,,Roazhon Park,,https://fbref.com/en/matches/f4337de9/Rennes-Metz-April-18-2020-Ligue-1,,
Ligue1,2019-2020,34,Sun,2020-04-26,,Marseille,,,Nice,,Orange Vélodrome,,https://fbref.com/en/matches/f27a8e0e/Marseille-Nice-April-26-2020-Ligue-1,,
Ligue1,2019-2020,34,Sun,2020-04-26,,Brest,,,Montpellier,,Stade Francis-Le Blé,,https://fbref.com/en/matches/67588c5b/Brest-Montpellier-April-26-2020-Ligue-1,,
Ligue1,2019-2020,34,Sun,2020-04-26,,Bordeaux,,,Toulouse,,Stade Matmut-Atlantique,,https://fbref.com/en/matches/515c0e73/Bordeaux-Toulouse-April-26-2020-Ligue-1,,
Ligue1,2019-2020,34,Sun,2020-04-26,,Saint-Étienne,,,Angers,,Stade Geoffroy-Guichard,,https://fbref.com/en/matches/44a73b72/Saint-Etienne-Angers-April-26-2020-Ligue-1,,
Ligue1,2019-2020,34,Sun,2020-04-26,,Rennes,,,Strasbourg,,Roazhon Park,,https://fbref.com/en/matches/208e0770/Rennes-Strasbourg-April-26-2020-Ligue-1,,
Ligue1,2019-2020,34,Sun,2020-04-26,,Reims,,,Paris S-G,,Stade Auguste-Delaune II,,https://fbref.com/en/matches/9e780bc9/Reims-Paris-Saint-Germain-April-26-2020-Ligue-1,,
Ligue1,2019-2020,34,Sun,2020-04-26,,Lyon,,,Monaco,,Groupama Stadium,,https://fbref.com/en/matches/dc3dc940/Lyon-Monaco-April-26-2020-Ligue-1,,
Ligue1,2019-2020,34,Sun,2020-04-26,,Nantes,,,Amiens,,Stade de la Beaujoire - Louis Fonteneau,,https://fbref.com/en/matches/3dd2e74c/Nantes-Amiens-April-26-2020-Ligue-1,,
Ligue1,2019-2020,34,Sun,2020-04-26,,Nîmes,,,Lille,,Stade des Costières,,https://fbref.com/en/matches/39ea3e29/Nimes-Lille-April-26-2020-Ligue-1,,
Ligue1,2019-2020,34,Sun,2020-04-26,,Metz,,,Dijon,,Stade Saint-Symphorien,,https://fbref.com/en/matches/6921eaba/Metz-Dijon-April-26-2020-Ligue-1,,
Ligue1,2019-2020,35,Sat,2020-05-02,,Lille,,,Reims,,Stade Pierre-Mauroy,,https://fbref.com/en/matches/609ab72b/Lille-Reims-May-2-2020-Ligue-1,,
Ligue1,2019-2020,35,Sat,2020-05-02,,Strasbourg,,,Marseille,,Stade de la Meinau,,https://fbref.com/en/matches/d12d3ca0/Strasbourg-Marseille-May-2-2020-Ligue-1,,
Ligue1,2019-2020,35,Sat,2020-05-02,,Nice,,,Nantes,,Stade de Nice,,https://fbref.com/en/matches/93f7437a/Nice-Nantes-May-2-2020-Ligue-1,,
Ligue1,2019-2020,35,Sat,2020-05-02,,Monaco,,,Metz,,Stade Louis II.,,https://fbref.com/en/matches/5959f855/Monaco-Metz-May-2-2020-Ligue-1,,
Ligue1,2019-2020,35,Sat,2020-05-02,,Paris S-G,,,Brest,,Parc des Princes,,https://fbref.com/en/matches/2fe7fd6d/Paris-Saint-Germain-Brest-May-2-2020-Ligue-1,,
Ligue1,2019-2020,35,Sat,2020-05-02,,Toulouse,,,Nîmes,,Stadium Municipal,,https://fbref.com/en/matches/84d5f5dc/Toulouse-Nimes-May-2-2020-Ligue-1,,
Ligue1,2019-2020,35,Sat,2020-05-02,,Angers,,,Rennes,,Stade Raymond Kopa,,https://fbref.com/en/matches/09bd6051/Angers-Rennes-May-2-2020-Ligue-1,,
Ligue1,2019-2020,35,Sat,2020-05-02,,Dijon,,,Lyon,,Stade Gaston Gérard,,https://fbref.com/en/matches/1e73cccc/Dijon-Lyon-May-2-2020-Ligue-1,,
Ligue1,2019-2020,35,Sat,2020-05-02,,Amiens,,,Saint-Étienne,,Stade de la Licorne,,https://fbref.com/en/matches/cebe55f6/Amiens-Saint-Etienne-May-2-2020-Ligue-1,,
Ligue1,2019-2020,35,Sat,2020-05-02,,Montpellier,,,Bordeaux,,Stade de la Mosson,,https://fbref.com/en/matches/da07629a/Montpellier-Bordeaux-May-2-2020-Ligue-1,,
Ligue1,2019-2020,36,Sat,2020-05-09,,Marseille,,,Monaco,,Orange Vélodrome,,https://fbref.com/en/matches/7595ddd8/Marseille-Monaco-May-9-2020-Ligue-1,,
Ligue1,2019-2020,36,Sat,2020-05-09,,Saint-Étienne,,,Lille,,Stade Geoffroy-Guichard,,https://fbref.com/en/matches/0835d760/Saint-Etienne-Lille-May-9-2020-Ligue-1,,
Ligue1,2019-2020,36,Sat,2020-05-09,,Rennes,,,Dijon,,Roazhon Park,,https://fbref.com/en/matches/13c491ff/Rennes-Dijon-May-9-2020-Ligue-1,,
Ligue1,2019-2020,36,Sat,2020-05-09,,Nantes,,,Brest,,Stade de la Beaujoire - Louis Fonteneau,,https://fbref.com/en/matches/9574cfb7/Nantes-Brest-May-9-2020-Ligue-1,,
Ligue1,2019-2020,36,Sat,2020-05-09,,Reims,,,Amiens,,Stade Auguste-Delaune II,,https://fbref.com/en/matches/fc542da7/Reims-Amiens-May-9-2020-Ligue-1,,
Ligue1,2019-2020,36,Sat,2020-05-09,,Toulouse,,,Paris S-G,,Stadium Municipal,,https://fbref.com/en/matches/13141f17/Toulouse-Paris-Saint-Germain-May-9-2020-Ligue-1,,
Ligue1,2019-2020,36,Sat,2020-05-09,,Lyon,,,Montpellier,,Groupama Stadium,,https://fbref.com/en/matches/826710b4/Lyon-Montpellier-May-9-2020-Ligue-1,,
Ligue1,2019-2020,36,Sat,2020-05-09,,Metz,,,Nice,,Stade Saint-Symphorien,,https://fbref.com/en/matches/f8ba7a02/Metz-Nice-May-9-2020-Ligue-1,,
Ligue1,2019-2020,36,Sat,2020-05-09,,Nîmes,,,Strasbourg,,Stade des Costières,,https://fbref.com/en/matches/5fa33756/Nimes-Strasbourg-May-9-2020-Ligue-1,,
Ligue1,2019-2020,36,Sat,2020-05-09,,Bordeaux,,,Angers,,Stade Matmut-Atlantique,,https://fbref.com/en/matches/c258110d/Bordeaux-Angers-May-9-2020-Ligue-1,,
Ligue1,2019-2020,37,Sat,2020-05-16,,Paris S-G,,,Rennes,,Parc des Princes,,https://fbref.com/en/matches/aeffdfae/Paris-Saint-Germain-Rennes-May-16-2020-Ligue-1,,
Ligue1,2019-2020,37,Sat,2020-05-16,,Strasbourg,,,Bordeaux,,Stade de la Meinau,,https://fbref.com/en/matches/65bc39f7/Strasbourg-Bordeaux-May-16-2020-Ligue-1,,
Ligue1,2019-2020,37,Sat,2020-05-16,,Angers,,,Lyon,,Stade Raymond Kopa,,https://fbref.com/en/matches/c3399237/Angers-Lyon-May-16-2020-Ligue-1,,
Ligue1,2019-2020,37,Sat,2020-05-16,,Monaco,,,Toulouse,,Stade Louis II.,,https://fbref.com/en/matches/6af82534/Monaco-Toulouse-May-16-2020-Ligue-1,,
Ligue1,2019-2020,37,Sat,2020-05-16,,Brest,,,Nîmes,,Stade Francis-Le Blé,,https://fbref.com/en/matches/cea88bc9/Brest-Nimes-May-16-2020-Ligue-1,,
Ligue1,2019-2020,37,Sat,2020-05-16,,Lille,,,Amiens,,Stade Pierre-Mauroy,,https://fbref.com/en/matches/61deec67/Lille-Amiens-May-16-2020-Ligue-1,,
Ligue1,2019-2020,37,Sat,2020-05-16,,Nice,,,Saint-Étienne,,Stade de Nice,,https://fbref.com/en/matches/47ef0ef7/Nice-Saint-Etienne-May-16-2020-Ligue-1,,
Ligue1,2019-2020,37,Sat,2020-05-16,,Dijon,,,Reims,,Stade Gaston Gérard,,https://fbref.com/en/matches/6f7a911b/Dijon-Reims-May-16-2020-Ligue-1,,
Ligue1,2019-2020,37,Sat,2020-05-16,,Montpellier,,,Nantes,,Stade de la Mosson,,https://fbref.com/en/matches/65f39018/Montpellier-Nantes-May-16-2020-Ligue-1,,
Ligue1,2019-2020,37,Sat,2020-05-16,,Marseille,,,Metz,,Orange Vélodrome,,https://fbref.com/en/matches/b2c790b4/Marseille-Metz-May-16-2020-Ligue-1,,
Ligue1,2019-2020,38,Sat,2020-05-23,,Reims,,,Marseille,,Stade Auguste-Delaune II,,https://fbref.com/en/matches/6ae2dd0a/Reims-Marseille-May-23-2020-Ligue-1,,
Ligue1,2019-2020,38,Sat,2020-05-23,,Metz,,,Angers,,Stade Saint-Symphorien,,https://fbref.com/en/matches/0cbe7254/Metz-Angers-May-23-2020-Ligue-1,,
Ligue1,2019-2020,38,Sat,2020-05-23,,Bordeaux,,,Lille,,Stade Matmut-Atlantique,,https://fbref.com/en/matches/e0e0f972/Bordeaux-Lille-May-23-2020-Ligue-1,,
Ligue1,2019-2020,38,Sat,2020-05-23,,Lyon,,,Brest,,Groupama Stadium,,https://fbref.com/en/matches/dd0f8fc6/Lyon-Brest-May-23-2020-Ligue-1,,
Ligue1,2019-2020,38,Sat,2020-05-23,,Saint-Étienne,,,Dijon,,Stade Geoffroy-Guichard,,https://fbref.com/en/matches/f2512a78/Saint-Etienne-Dijon-May-23-2020-Ligue-1,,
Ligue1,2019-2020,38,Sat,2020-05-23,,Amiens,,,Nice,,Stade de la Licorne,,https://fbref.com/en/matches/a248011a/Amiens-Nice-May-23-2020-Ligue-1,,
Ligue1,2019-2020,38,Sat,2020-05-23,,Nîmes,,,Paris S-G,,Stade des Costières,,https://fbref.com/en/matches/e075de2d/Nimes-Paris-Saint-Germain-May-23-2020-Ligue-1,,
Ligue1,2019-2020,38,Sat,2020-05-23,,Rennes,,,Monaco,,Roazhon Park,,https://fbref.com/en/matches/7f9ca85d/Rennes-Monaco-May-23-2020-Ligue-1,,
Ligue1,2019-2020,38,Sat,2020-05-23,,Toulouse,,,Montpellier,,Stadium Municipal,,https://fbref.com/en/matches/8fcf6aa2/Toulouse-Montpellier-May-23-2020-Ligue-1,,
Ligue1,2019-2020,38,Sat,2020-05-23,,Nantes,,,Strasbourg,,Stade de la Beaujoire - Louis Fonteneau,,https://fbref.com/en/matches/718cf017/Nantes-Strasbourg-May-23-2020-Ligue-1,,
