League,Season,Round,Wk,Day,Date,Time,HomeTeam,xG_Home,xG_Away,AwayTeam,Attendance,Venue,Referee,Match Report,HomeScore,AwayScore
Ligue1,2017-2018,Regular Season,1,Fri,2017-08-04,20:45,Monaco,1.8,0.3,Toulouse,13572,Stade Louis II.,Clément Turpin,https://fbref.com/en/matches/a68e623d/Monaco-Toulouse-August-4-2017-Ligue-1,3,2
Ligue1,2017-2018,Regular Season,1,Sat,2017-08-05,17:15,Paris S-G,2.2,0.1,Amiens,46898,Parc des Princes,Mikael Lesage,https://fbref.com/en/matches/37f2c25f/Paris-Saint-Germain-Amiens-August-5-2017-Ligue-1,2,0
Ligue1,2017-2018,Regular Season,1,Sat,2017-08-05,20:00,Saint-Étienne,0.8,0.4,Nice,25879,Stade Geoffroy-Guichard,François Letexier,https://fbref.com/en/matches/68b9eea2/Saint-Etienne-Nice-August-5-2017-Ligue-1,1,0
Ligue1,2017-2018,Regular Season,1,Sat,2017-08-05,20:00,Montpellier,0.9,0.5,Caen,14725,Stade de la Mosson,Thomas Léonard,https://fbref.com/en/matches/b2829d08/Montpellier-Caen-August-5-2017-Ligue-1,1,0
Ligue1,2017-2018,Regular Season,1,Sat,2017-08-05,20:00,Metz,1.1,1.7,Guingamp,14595,Stade Saint-Symphorien,Jérôme Miguelgorry,https://fbref.com/en/matches/7d2eb66d/Metz-Guingamp-August-5-2017-Ligue-1,1,3
Ligue1,2017-2018,Regular Season,1,Sat,2017-08-05,20:00,Lyon,2.2,0.3,Strasbourg,1979,Groupama Stadium,Ruddy Buquet,https://fbref.com/en/matches/4d28b63b/Lyon-Strasbourg-August-5-2017-Ligue-1,4,0
Ligue1,2017-2018,Regular Season,1,Sat,2017-08-05,20:00,Troyes,1.5,2.3,Rennes,9968,Stade de l'Aube,Karim Abed,https://fbref.com/en/matches/bf730e30/Troyes-Rennes-August-5-2017-Ligue-1,1,1
Ligue1,2017-2018,Regular Season,1,Sun,2017-08-06,15:00,Lille,1.9,1.2,Nantes,30683,Stade Pierre-Mauroy,Benoît Millot,https://fbref.com/en/matches/a5686dbd/Lille-Nantes-August-6-2017-Ligue-1,3,0
Ligue1,2017-2018,Regular Season,1,Sun,2017-08-06,17:00,Angers,1.1,1.6,Bordeaux,11767,Stade Raymond Kopa,Sébastien Desiage,https://fbref.com/en/matches/f85b1b75/Angers-Bordeaux-August-6-2017-Ligue-1,2,2
Ligue1,2017-2018,Regular Season,1,Sun,2017-08-06,21:00,Marseille,3.1,0.7,Dijon,50904,Orange Vélodrome,Benoît Bastien,https://fbref.com/en/matches/ab13ffd4/Marseille-Dijon-August-6-2017-Ligue-1,3,0
Ligue1,2017-2018,Regular Season,2,Fri,2017-08-11,19:00,Nice,2.3,0.9,Troyes,24260,Stade de Nice,Olivier Thual,https://fbref.com/en/matches/7faa9279/Nice-Troyes-August-11-2017-Ligue-1,1,2
Ligue1,2017-2018,Regular Season,2,Fri,2017-08-11,20:45,Rennes,1.1,1.8,Lyon,24944,Roazhon Park,Nicolas Rainville,https://fbref.com/en/matches/52194605/Rennes-Lyon-August-11-2017-Ligue-1,1,2
Ligue1,2017-2018,Regular Season,2,Sat,2017-08-12,17:00,Nantes,1.3,1.8,Marseille,33654,Stade de la Beaujoire - Louis Fonteneau,Ruddy Buquet,https://fbref.com/en/matches/1ad6b969/Nantes-Marseille-August-12-2017-Ligue-1,0,1
Ligue1,2017-2018,Regular Season,2,Sat,2017-08-12,20:00,Amiens,0.7,1.8,Angers,7772,Stade de la Licorne,Hakim Ben El Hadj Salem,https://fbref.com/en/matches/b4dfc494/Amiens-Angers-August-12-2017-Ligue-1,0,2
Ligue1,2017-2018,Regular Season,2,Sat,2017-08-12,20:00,Toulouse,1.7,0.8,Montpellier,11876,Stadium Municipal,Ruddy Buquet,https://fbref.com/en/matches/1d6173df/Toulouse-Montpellier-August-12-2017-Ligue-1,1,0
Ligue1,2017-2018,Regular Season,2,Sat,2017-08-12,20:00,Caen,0.9,1.2,Saint-Étienne,17606,Stade Michel d'Ornano,Stéphane Jochem,https://fbref.com/en/matches/1aef5397/Caen-Saint-Etienne-August-12-2017-Ligue-1,0,1
Ligue1,2017-2018,Regular Season,2,Sat,2017-08-12,20:00,Bordeaux,1.8,0.4,Metz,22095,Stade Matmut-Atlantique,Mikael Lesage,https://fbref.com/en/matches/700bb928/Bordeaux-Metz-August-12-2017-Ligue-1,2,0
Ligue1,2017-2018,Regular Season,2,Sun,2017-08-13,15:00,Strasbourg,3.4,0.8,Lille,25591,Stade de la Meinau,Johan Hamel,https://fbref.com/en/matches/94889482/Strasbourg-Lille-August-13-2017-Ligue-1,3,0
Ligue1,2017-2018,Regular Season,2,Sun,2017-08-13,17:00,Dijon,1.4,1.6,Monaco,14295,Stade Gaston Gérard,Tony Chapron,https://fbref.com/en/matches/f37f696e/Dijon-Monaco-August-13-2017-Ligue-1,1,4
Ligue1,2017-2018,Regular Season,2,Sun,2017-08-13,21:00,Guingamp,0.1,2.5,Paris S-G,18378,Stade du Roudourou,Antony Gautier,https://fbref.com/en/matches/e087d129/Guingamp-Paris-Saint-Germain-August-13-2017-Ligue-1,0,3
Ligue1,2017-2018,Regular Season,3,Fri,2017-08-18,20:45,Metz,0.8,1.8,Monaco,18136,Stade Saint-Symphorien,François Letexier,https://fbref.com/en/matches/73c2b410/Metz-Monaco-August-18-2017-Ligue-1,0,1
Ligue1,2017-2018,Regular Season,3,Sat,2017-08-19,17:00,Lyon,0.5,1.4,Bordeaux,42073,Groupama Stadium,Clément Turpin,https://fbref.com/en/matches/a58eabda/Lyon-Bordeaux-August-19-2017-Ligue-1,3,3
Ligue1,2017-2018,Regular Season,3,Sat,2017-08-19,20:00,Montpellier,1.4,0.8,Strasbourg,12585,Stade de la Mosson,Hakim Ben El Hadj Salem,https://fbref.com/en/matches/17af9553/Montpellier-Strasbourg-August-19-2017-Ligue-1,1,1
Ligue1,2017-2018,Regular Season,3,Sat,2017-08-19,20:00,Troyes,0.6,0.8,Nantes,11035,Stade de l'Aube,Sébastien Desiage,https://fbref.com/en/matches/3e8c8e2c/Troyes-Nantes-August-19-2017-Ligue-1,0,1
Ligue1,2017-2018,Regular Season,3,Sat,2017-08-19,20:00,Saint-Étienne,3.0,1.0,Amiens,30004,Stade Geoffroy-Guichard,Jérôme Brisard,https://fbref.com/en/matches/63f60686/Saint-Etienne-Amiens-August-19-2017-Ligue-1,3,0
Ligue1,2017-2018,Regular Season,3,Sat,2017-08-19,20:00,Nice,1.5,0.6,Guingamp,21070,Stade de Nice,Benoît Millot,https://fbref.com/en/matches/42086952/Nice-Guingamp-August-19-2017-Ligue-1,2,0
Ligue1,2017-2018,Regular Season,3,Sat,2017-08-19,20:00,Rennes,1.4,1.8,Dijon,16888,Roazhon Park,Thomas Léonard,https://fbref.com/en/matches/a6a21701/Rennes-Dijon-August-19-2017-Ligue-1,2,2
Ligue1,2017-2018,Regular Season,3,Sun,2017-08-20,15:00,Lille,0.7,1.4,Caen,28740,Stade Pierre-Mauroy,Karim Abed,https://fbref.com/en/matches/e1b36599/Lille-Caen-August-20-2017-Ligue-1,0,2
Ligue1,2017-2018,Regular Season,3,Sun,2017-08-20,17:00,Marseille,0.7,0.7,Angers,51966,Orange Vélodrome,Jérôme Miguelgorry,https://fbref.com/en/matches/e1c36351/Marseille-Angers-August-20-2017-Ligue-1,1,1
Ligue1,2017-2018,Regular Season,3,Sun,2017-08-20,21:00,Paris S-G,2.8,0.5,Toulouse,47221,Parc des Princes,Amaury Delerue,https://fbref.com/en/matches/e7d1637b/Paris-Saint-Germain-Toulouse-August-20-2017-Ligue-1,6,2
Ligue1,2017-2018,Regular Season,4,Fri,2017-08-25,20:45,Paris S-G,2.0,0.9,Saint-Étienne,46957,Parc des Princes,Clément Turpin,https://fbref.com/en/matches/d9866f17/Paris-Saint-Germain-Saint-Etienne-August-25-2017-Ligue-1,3,0
Ligue1,2017-2018,Regular Season,4,Sat,2017-08-26,17:15,Nantes,0.6,1.1,Lyon,30718,Stade de la Beaujoire - Louis Fonteneau,Antony Gautier,https://fbref.com/en/matches/168cedc5/Nantes-Lyon-August-26-2017-Ligue-1,0,0
Ligue1,2017-2018,Regular Season,4,Sat,2017-08-26,20:00,Toulouse,2.4,0.9,Rennes,10651,Stadium Municipal,Franck Schneider,https://fbref.com/en/matches/0a085e55/Toulouse-Rennes-August-26-2017-Ligue-1,3,2
Ligue1,2017-2018,Regular Season,4,Sat,2017-08-26,20:00,Caen,1.6,0.6,Metz,15697,Stade Michel d'Ornano,Jérôme Brisard,https://fbref.com/en/matches/c2bd8914/Caen-Metz-August-26-2017-Ligue-1,1,0
Ligue1,2017-2018,Regular Season,4,Sat,2017-08-26,20:00,Amiens,1.4,0.3,Nice,7922,Stade de la Licorne,Johan Hamel,https://fbref.com/en/matches/3721577e/Amiens-Nice-August-26-2017-Ligue-1,3,0
Ligue1,2017-2018,Regular Season,4,Sat,2017-08-26,20:00,Bordeaux,2.5,0.5,Troyes,19002,Stade Matmut-Atlantique,Tony Chapron,https://fbref.com/en/matches/32909746/Bordeaux-Troyes-August-26-2017-Ligue-1,2,1
Ligue1,2017-2018,Regular Season,4,Sat,2017-08-26,20:00,Dijon,1.5,1.6,Montpellier,10902,Stade Gaston Gérard,Stéphane Jochem,https://fbref.com/en/matches/b69cd77e/Dijon-Montpellier-August-26-2017-Ligue-1,2,1
Ligue1,2017-2018,Regular Season,4,Sun,2017-08-27,15:00,Guingamp,2.3,1.2,Strasbourg,13061,Stade du Roudourou,Mikael Lesage,https://fbref.com/en/matches/05bf5922/Guingamp-Strasbourg-August-27-2017-Ligue-1,2,0
Ligue1,2017-2018,Regular Season,4,Sun,2017-08-27,17:00,Angers,0.7,0.9,Lille,10284,Stade Raymond Kopa,Nicolas Rainville,https://fbref.com/en/matches/3a41eea6/Angers-Lille-August-27-2017-Ligue-1,1,1
Ligue1,2017-2018,Regular Season,4,Sun,2017-08-27,21:00,Monaco,3.9,1.1,Marseille,16353,Stade Louis II.,Ruddy Buquet,https://fbref.com/en/matches/de8fc1a2/Monaco-Marseille-August-27-2017-Ligue-1,6,1
Ligue1,2017-2018,Regular Season,5,Fri,2017-09-08,19:00,Lille,0.3,0.9,Bordeaux,27464,Stade Pierre-Mauroy,François Letexier,https://fbref.com/en/matches/2fea50fc/Lille-Bordeaux-September-8-2017-Ligue-1,0,0
Ligue1,2017-2018,Regular Season,5,Fri,2017-09-08,20:45,Metz,1.1,4.6,Paris S-G,25015,Stade Saint-Symphorien,Sébastien Desiage,https://fbref.com/en/matches/472cd408/Metz-Paris-Saint-Germain-September-8-2017-Ligue-1,1,5
Ligue1,2017-2018,Regular Season,5,Sat,2017-09-09,17:00,Nice,2.4,0.9,Monaco,28995,Stade de Nice,Clément Turpin,https://fbref.com/en/matches/910a4a89/Nice-Monaco-September-9-2017-Ligue-1,4,0
Ligue1,2017-2018,Regular Season,5,Sat,2017-09-09,20:00,Strasbourg,0.5,0.2,Amiens,23424,Stade de la Meinau,Jérôme Brisard,https://fbref.com/en/matches/1bb575dc/Strasbourg-Amiens-September-9-2017-Ligue-1,0,1
Ligue1,2017-2018,Regular Season,5,Sat,2017-09-09,20:00,Montpellier,0.8,0.7,Nantes,10298,Stade de la Mosson,Jérôme Miguelgorry,https://fbref.com/en/matches/ea63e8ef/Montpellier-Nantes-September-9-2017-Ligue-1,0,1
Ligue1,2017-2018,Regular Season,5,Sat,2017-09-09,20:00,Troyes,0.8,0.2,Toulouse,1060,Stade de l'Aube,Hakim Ben El Hadj Salem,https://fbref.com/en/matches/d1910544/Troyes-Toulouse-September-9-2017-Ligue-1,0,0
Ligue1,2017-2018,Regular Season,5,Sat,2017-09-09,20:00,Caen,1.5,0.6,Dijon,15328,Stade Michel d'Ornano,Thomas Léonard,https://fbref.com/en/matches/a5bcc368/Caen-Dijon-September-9-2017-Ligue-1,2,1
Ligue1,2017-2018,Regular Season,5,Sun,2017-09-10,15:00,Saint-Étienne,0.7,1.9,Angers,29740,Stade Geoffroy-Guichard,Karim Abed,https://fbref.com/en/matches/83d31d02/Saint-Etienne-Angers-September-10-2017-Ligue-1,1,1
Ligue1,2017-2018,Regular Season,5,Sun,2017-09-10,17:00,Lyon,0.8,0.9,Guingamp,36697,Groupama Stadium,Benoît Millot,https://fbref.com/en/matches/bf019dbd/Lyon-Guingamp-September-10-2017-Ligue-1,2,1
Ligue1,2017-2018,Regular Season,5,Sun,2017-09-10,21:00,Marseille,1.0,2.0,Rennes,40343,Orange Vélodrome,Amaury Delerue,https://fbref.com/en/matches/2a5d750e/Marseille-Rennes-September-10-2017-Ligue-1,1,3
Ligue1,2017-2018,Regular Season,6,Fri,2017-09-15,20:45,Toulouse,1.0,0.6,Bordeaux,13616,Stadium Municipal,Clément Turpin,https://fbref.com/en/matches/5f8084ce/Toulouse-Bordeaux-September-15-2017-Ligue-1,0,1
Ligue1,2017-2018,Regular Season,6,Sat,2017-09-16,17:00,Monaco,2.5,0.6,Strasbourg,8310,Stade Louis II.,Johan Hamel,https://fbref.com/en/matches/f92aecdf/Monaco-Strasbourg-September-16-2017-Ligue-1,3,0
Ligue1,2017-2018,Regular Season,6,Sat,2017-09-16,20:00,Guingamp,2.0,0.6,Lille,11901,Stade du Roudourou,Jérôme Brisard,https://fbref.com/en/matches/4538535f/Guingamp-Lille-September-16-2017-Ligue-1,1,0
Ligue1,2017-2018,Regular Season,6,Sat,2017-09-16,20:00,Dijon,2.1,1.8,Saint-Étienne,13820,Stade Gaston Gérard,Benoît Bastien,https://fbref.com/en/matches/d756d7c4/Dijon-Saint-Etienne-September-16-2017-Ligue-1,0,1
Ligue1,2017-2018,Regular Season,6,Sat,2017-09-16,20:00,Troyes,0.8,0.8,Montpellier,11970,Stade de l'Aube,Amaury Delerue,https://fbref.com/en/matches/c34200f0/Troyes-Montpellier-September-16-2017-Ligue-1,0,1
Ligue1,2017-2018,Regular Season,6,Sat,2017-09-16,20:00,Nantes,1.0,0.5,Caen,20245,Stade de la Beaujoire - Louis Fonteneau,Olivier Thual,https://fbref.com/en/matches/c6af02bd/Nantes-Caen-September-16-2017-Ligue-1,1,0
Ligue1,2017-2018,Regular Season,6,Sun,2017-09-17,15:00,Amiens,0.2,1.6,Marseille,11698,Stade de la Licorne,Mikael Lesage,https://fbref.com/en/matches/17e4d987/Amiens-Marseille-September-17-2017-Ligue-1,0,2
Ligue1,2017-2018,Regular Season,6,Sun,2017-09-17,17:00,Rennes,0.8,0.6,Nice,24892,Roazhon Park,Nicolas Rainville,https://fbref.com/en/matches/9c28e834/Rennes-Nice-September-17-2017-Ligue-1,0,1
Ligue1,2017-2018,Regular Season,6,Sun,2017-09-17,17:00,Angers,2.0,1.1,Metz,9163,Stade Raymond Kopa,Stéphane Jochem,https://fbref.com/en/matches/739ed293/Angers-Metz-September-17-2017-Ligue-1,0,1
Ligue1,2017-2018,Regular Season,6,Sun,2017-09-17,21:00,Paris S-G,2.1,0.7,Lyon,47191,Parc des Princes,Ruddy Buquet,https://fbref.com/en/matches/3db22e2f/Paris-Saint-Germain-Lyon-September-17-2017-Ligue-1,2,0
Ligue1,2017-2018,Regular Season,7,Fri,2017-09-22,19:00,Nice,2.1,1.3,Angers,18023,Stade de Nice,François Letexier,https://fbref.com/en/matches/8ddde90a/Nice-Angers-September-22-2017-Ligue-1,2,2
Ligue1,2017-2018,Regular Season,7,Fri,2017-09-22,20:45,Lille,1.1,2.6,Monaco,34146,Stade Pierre-Mauroy,Franck Schneider,https://fbref.com/en/matches/64319af0/Lille-Monaco-September-22-2017-Ligue-1,0,4
Ligue1,2017-2018,Regular Season,7,Sat,2017-09-23,17:00,Montpellier,0.1,0.9,Paris S-G,20975,Stade de la Mosson,Clément Turpin,https://fbref.com/en/matches/20f37413/Montpellier-Paris-Saint-Germain-September-23-2017-Ligue-1,0,0
Ligue1,2017-2018,Regular Season,7,Sat,2017-09-23,20:00,Bordeaux,3.5,1.3,Guingamp,20603,Stade Matmut-Atlantique,Benoît Bastien,https://fbref.com/en/matches/a4ab682b/Bordeaux-Guingamp-September-23-2017-Ligue-1,3,1
Ligue1,2017-2018,Regular Season,7,Sat,2017-09-23,20:00,Metz,1.2,0.8,Troyes,15491,Stade Saint-Symphorien,Karim Abed,https://fbref.com/en/matches/d26206ba/Metz-Troyes-September-23-2017-Ligue-1,0,1
Ligue1,2017-2018,Regular Season,7,Sat,2017-09-23,20:00,Caen,2.0,0.5,Amiens,16212,Stade Michel d'Ornano,Hakim Ben El Hadj Salem,https://fbref.com/en/matches/bf0d3d76/Caen-Amiens-September-23-2017-Ligue-1,1,0
Ligue1,2017-2018,Regular Season,7,Sat,2017-09-23,20:00,Lyon,4.1,1.2,Dijon,33600,Groupama Stadium,Antony Gautier,https://fbref.com/en/matches/86e7f6f2/Lyon-Dijon-September-23-2017-Ligue-1,3,3
Ligue1,2017-2018,Regular Season,7,Sun,2017-09-24,15:00,Saint-Étienne,1.9,1.1,Rennes,31043,Stade Geoffroy-Guichard,Jérôme Miguelgorry,https://fbref.com/en/matches/efb5deb6/Saint-Etienne-Rennes-September-24-2017-Ligue-1,2,2
Ligue1,2017-2018,Regular Season,7,Sun,2017-09-24,17:00,Strasbourg,1.4,0.6,Nantes,23408,Stade de la Meinau,Sébastien Desiage,https://fbref.com/en/matches/fde7f013/Strasbourg-Nantes-September-24-2017-Ligue-1,1,2
Ligue1,2017-2018,Regular Season,7,Sun,2017-09-24,21:00,Marseille,2.9,0.5,Toulouse,39501,Orange Vélodrome,Benoît Millot,https://fbref.com/en/matches/a54f57d1/Marseille-Toulouse-September-24-2017-Ligue-1,2,0
Ligue1,2017-2018,Regular Season,8,Fri,2017-09-29,20:45,Monaco,0.9,1.2,Montpellier,7053,Stade Louis II.,Tony Chapron,https://fbref.com/en/matches/7c0f1df2/Monaco-Montpellier-September-29-2017-Ligue-1,1,1
Ligue1,2017-2018,Regular Season,8,Sat,2017-09-30,17:00,Paris S-G,1.8,2.5,Bordeaux,47537,Parc des Princes,François Letexier,https://fbref.com/en/matches/59aa6043/Paris-Saint-Germain-Bordeaux-September-30-2017-Ligue-1,6,2
Ligue1,2017-2018,Regular Season,8,Sat,2017-09-30,20:00,Nantes,1.7,1.3,Metz,22104,Stade de la Beaujoire - Louis Fonteneau,Johan Hamel,https://fbref.com/en/matches/3cb26063/Nantes-Metz-September-30-2017-Ligue-1,1,0
Ligue1,2017-2018,Regular Season,8,Sat,2017-09-30,20:00,Rennes,0.8,1.2,Caen,18689,Roazhon Park,Amaury Delerue,https://fbref.com/en/matches/4a491a99/Rennes-Caen-September-30-2017-Ligue-1,0,1
Ligue1,2017-2018,Regular Season,8,Sat,2017-09-30,20:00,Guingamp,1.4,0.8,Toulouse,13196,Stade du Roudourou,Ruddy Buquet,https://fbref.com/en/matches/12883013/Guingamp-Toulouse-September-30-2017-Ligue-1,1,1
Ligue1,2017-2018,Regular Season,8,Sat,2017-09-30,20:00,Dijon,1.7,1.1,Strasbourg,11577,Stade Gaston Gérard,Olivier Thual,https://fbref.com/en/matches/9cb0ff3e/Dijon-Strasbourg-September-30-2017-Ligue-1,1,1
Ligue1,2017-2018,Regular Season,8,Sun,2017-10-01,15:00,Troyes,0.6,1.2,Saint-Étienne,11823,Stade de l'Aube,Nicolas Rainville,https://fbref.com/en/matches/4f2648e7/Troyes-Saint-Etienne-October-1-2017-Ligue-1,2,1
Ligue1,2017-2018,Regular Season,8,Sun,2017-10-01,17:00,Angers,1.6,1.7,Lyon,11432,Stade Raymond Kopa,Mikael Lesage,https://fbref.com/en/matches/553a5795/Angers-Lyon-October-1-2017-Ligue-1,3,3
Ligue1,2017-2018,Regular Season,8,Sun,2017-10-01,21:00,Nice,2.1,2.4,Marseille,32702,Stade de Nice,Benoît Bastien,https://fbref.com/en/matches/da476f99/Nice-Marseille-October-1-2017-Ligue-1,2,4
Ligue1,2017-2018,Regular Season,9,Fri,2017-10-13,20:45,Lyon,1.9,2.2,Monaco,43295,Groupama Stadium,Benoît Bastien,https://fbref.com/en/matches/1e50ea42/Lyon-Monaco-October-13-2017-Ligue-1,3,2
Ligue1,2017-2018,Regular Season,9,Sat,2017-10-14,17:00,Dijon,0.9,2.8,Paris S-G,15160,Stade Gaston Gérard,Jérôme Miguelgorry,https://fbref.com/en/matches/9975b3e3/Dijon-Paris-Saint-Germain-October-14-2017-Ligue-1,1,2
Ligue1,2017-2018,Regular Season,9,Sat,2017-10-14,20:00,Caen,2.1,1.5,Angers,16736,Stade Michel d'Ornano,Benoît Millot,https://fbref.com/en/matches/90b7dccf/Caen-Angers-October-14-2017-Ligue-1,0,2
Ligue1,2017-2018,Regular Season,9,Sat,2017-10-14,20:00,Guingamp,2.4,0.8,Rennes,15902,Stade du Roudourou,Franck Schneider,https://fbref.com/en/matches/4e5d59ae/Guingamp-Rennes-October-14-2017-Ligue-1,2,0
Ligue1,2017-2018,Regular Season,9,Sat,2017-10-14,20:00,Saint-Étienne,2.3,0.4,Metz,24613,Stade Geoffroy-Guichard,Olivier Thual,https://fbref.com/en/matches/b7a8f59a/Saint-Etienne-Metz-October-14-2017-Ligue-1,3,1
Ligue1,2017-2018,Regular Season,9,Sat,2017-10-14,20:00,Lille,0.8,1.4,Troyes,29518,Stade Pierre-Mauroy,Hakim Ben El Hadj Salem,https://fbref.com/en/matches/2e839d39/Lille-Troyes-October-14-2017-Ligue-1,2,2
Ligue1,2017-2018,Regular Season,9,Sat,2017-10-14,20:00,Toulouse,1.7,0.3,Amiens,15308,Stadium Municipal,François Letexier,https://fbref.com/en/matches/124f3988/Toulouse-Amiens-October-14-2017-Ligue-1,1,0
Ligue1,2017-2018,Regular Season,9,Sun,2017-10-15,15:00,Bordeaux,1.5,1.7,Nantes,31048,Stade Matmut-Atlantique,Karim Abed,https://fbref.com/en/matches/95b44ebc/Bordeaux-Nantes-October-15-2017-Ligue-1,1,1
Ligue1,2017-2018,Regular Season,9,Sun,2017-10-15,17:00,Montpellier,1.5,2.2,Nice,14374,Stade de la Mosson,Jérôme Brisard,https://fbref.com/en/matches/b5884021/Montpellier-Nice-October-15-2017-Ligue-1,2,0
Ligue1,2017-2018,Regular Season,9,Sun,2017-10-15,21:00,Strasbourg,2.1,2.6,Marseille,26015,Stade de la Meinau,Antony Gautier,https://fbref.com/en/matches/e3f7bf44/Strasbourg-Marseille-October-15-2017-Ligue-1,3,3
Ligue1,2017-2018,Regular Season,10,Fri,2017-10-20,20:45,Saint-Étienne,1.7,1.9,Montpellier,24004,Stade Geoffroy-Guichard,Franck Schneider,https://fbref.com/en/matches/660156f2/Saint-Etienne-Montpellier-October-20-2017-Ligue-1,0,1
Ligue1,2017-2018,Regular Season,10,Sat,2017-10-21,17:00,Monaco,2.3,0.5,Caen,8040,Stade Louis II.,Thomas Léonard,https://fbref.com/en/matches/978a06de/Monaco-Caen-October-21-2017-Ligue-1,2,0
Ligue1,2017-2018,Regular Season,10,Sat,2017-10-21,20:00,Rennes,0.5,0.8,Lille,21852,Roazhon Park,Olivier Thual,https://fbref.com/en/matches/070721a9/Rennes-Lille-October-21-2017-Ligue-1,1,0
Ligue1,2017-2018,Regular Season,10,Sat,2017-10-21,20:00,Nantes,0.7,0.5,Guingamp,27711,Stade de la Beaujoire - Louis Fonteneau,Amaury Delerue,https://fbref.com/en/matches/a6cd0792/Nantes-Guingamp-October-21-2017-Ligue-1,2,1
Ligue1,2017-2018,Regular Season,10,Sat,2017-10-21,20:00,Metz,0.7,0.5,Dijon,14748,Stade Saint-Symphorien,Mikael Lesage,https://fbref.com/en/matches/67a88926/Metz-Dijon-October-21-2017-Ligue-1,1,2
Ligue1,2017-2018,Regular Season,10,Sat,2017-10-21,20:00,Amiens,1.3,1.0,Bordeaux,12297,Stade Océane,Sébastien Desiage,https://fbref.com/en/matches/e1998b65/Amiens-Bordeaux-October-21-2017-Ligue-1,1,0
Ligue1,2017-2018,Regular Season,10,Sat,2017-10-21,20:00,Angers,1.8,0.2,Toulouse,11001,Stade Raymond Kopa,Johan Hamel,https://fbref.com/en/matches/b65ed449/Angers-Toulouse-October-21-2017-Ligue-1,0,1
Ligue1,2017-2018,Regular Season,10,Sun,2017-10-22,15:00,Nice,1.9,1.1,Strasbourg,23595,Stade de Nice,Nicolas Rainville,https://fbref.com/en/matches/57d1af30/Nice-Strasbourg-October-22-2017-Ligue-1,1,2
Ligue1,2017-2018,Regular Season,10,Sun,2017-10-22,17:00,Troyes,0.4,3.3,Lyon,14722,Stade de l'Aube,François Letexier,https://fbref.com/en/matches/c3a1b1a0/Troyes-Lyon-October-22-2017-Ligue-1,0,5
Ligue1,2017-2018,Regular Season,10,Sun,2017-10-22,21:00,Marseille,0.8,1.2,Paris S-G,60410,Orange Vélodrome,Ruddy Buquet,https://fbref.com/en/matches/84de5cf2/Marseille-Paris-Saint-Germain-October-22-2017-Ligue-1,2,2
Ligue1,2017-2018,Regular Season,11,Fri,2017-10-27,20:45,Paris S-G,3.0,0.3,Nice,47224,Parc des Princes,Tony Chapron,https://fbref.com/en/matches/e858dd22/Paris-Saint-Germain-Nice-October-27-2017-Ligue-1,3,0
Ligue1,2017-2018,Regular Season,11,Sat,2017-10-28,17:00,Bordeaux,1.0,1.2,Monaco,28831,Stade Matmut-Atlantique,Antony Gautier,https://fbref.com/en/matches/13bfe7a2/Bordeaux-Monaco-October-28-2017-Ligue-1,0,2
Ligue1,2017-2018,Regular Season,11,Sat,2017-10-28,20:00,Strasbourg,2.0,0.7,Angers,25011,Stade de la Meinau,Amaury Delerue,https://fbref.com/en/matches/c0916a66/Strasbourg-Angers-October-28-2017-Ligue-1,2,2
Ligue1,2017-2018,Regular Season,11,Sat,2017-10-28,20:00,Dijon,0.3,1.1,Nantes,11764,Stade Gaston Gérard,Hakim Ben El Hadj Salem,https://fbref.com/en/matches/095049d2/Dijon-Nantes-October-28-2017-Ligue-1,1,0
Ligue1,2017-2018,Regular Season,11,Sat,2017-10-28,20:00,Montpellier,1.7,0.5,Rennes,11790,Stade de la Mosson,Benoît Bastien,https://fbref.com/en/matches/4c8ae325/Montpellier-Rennes-October-28-2017-Ligue-1,0,1
Ligue1,2017-2018,Regular Season,11,Sat,2017-10-28,20:00,Guingamp,0.8,0.8,Amiens,13809,Stade du Roudourou,Karim Abed,https://fbref.com/en/matches/9013f9c0/Guingamp-Amiens-October-28-2017-Ligue-1,1,1
Ligue1,2017-2018,Regular Season,11,Sat,2017-10-28,20:00,Caen,1.2,0.8,Troyes,16908,Stade Michel d'Ornano,Jérôme Miguelgorry,https://fbref.com/en/matches/ae07bdf5/Caen-Troyes-October-28-2017-Ligue-1,1,0
Ligue1,2017-2018,Regular Season,11,Sun,2017-10-29,15:00,Lyon,1.1,0.2,Metz,53921,Groupama Stadium,Benoît Millot,https://fbref.com/en/matches/82fe7e4e/Lyon-Metz-October-29-2017-Ligue-1,2,0
Ligue1,2017-2018,Regular Season,11,Sun,2017-10-29,17:00,Toulouse,0.5,0.9,Saint-Étienne,15062,Stadium Municipal,Jérôme Brisard,https://fbref.com/en/matches/b77f0339/Toulouse-Saint-Etienne-October-29-2017-Ligue-1,0,0
Ligue1,2017-2018,Regular Season,11,Sun,2017-10-29,21:00,Lille,1.3,0.7,Marseille,43948,Stade Pierre-Mauroy,François Letexier,https://fbref.com/en/matches/365cd23f/Lille-Marseille-October-29-2017-Ligue-1,0,1
Ligue1,2017-2018,Regular Season,12,Fri,2017-11-03,20:45,Rennes,0.4,1.0,Bordeaux,24547,Roazhon Park,Ruddy Buquet,https://fbref.com/en/matches/c56e4a4c/Rennes-Bordeaux-November-3-2017-Ligue-1,1,0
Ligue1,2017-2018,Regular Season,12,Sat,2017-11-04,17:00,Angers,0.5,2.7,Paris S-G,12381,Stade Raymond Kopa,Benoît Bastien,https://fbref.com/en/matches/4554f4ad/Angers-Paris-Saint-Germain-November-4-2017-Ligue-1,0,5
Ligue1,2017-2018,Regular Season,12,Sat,2017-11-04,20:00,Monaco,3.2,0.4,Guingamp,7066,Stade Louis II.,Mikael Lesage,https://fbref.com/en/matches/62e9834a/Monaco-Guingamp-November-4-2017-Ligue-1,6,0
Ligue1,2017-2018,Regular Season,12,Sat,2017-11-04,20:00,Nantes,0.9,0.9,Toulouse,21390,Stade de la Beaujoire - Louis Fonteneau,Antony Gautier,https://fbref.com/en/matches/49a3ec23/Nantes-Toulouse-November-4-2017-Ligue-1,2,1
Ligue1,2017-2018,Regular Season,12,Sat,2017-11-04,20:00,Montpellier,1.4,0.8,Amiens,10149,Stade de la Mosson,Stéphane Jochem,https://fbref.com/en/matches/0fd4c53e/Montpellier-Amiens-November-4-2017-Ligue-1,1,1
Ligue1,2017-2018,Regular Season,12,Sat,2017-11-04,20:00,Troyes,2.3,0.6,Strasbourg,10260,Stade de l'Aube,Thomas Léonard,https://fbref.com/en/matches/a896e3bb/Troyes-Strasbourg-November-4-2017-Ligue-1,3,0
Ligue1,2017-2018,Regular Season,12,Sun,2017-11-05,15:00,Nice,1.6,0.7,Dijon,18987,Stade de Nice,Olivier Thual,https://fbref.com/en/matches/016a3c8f/Nice-Dijon-November-5-2017-Ligue-1,1,0
Ligue1,2017-2018,Regular Season,12,Sun,2017-11-05,17:00,Marseille,3.9,0.7,Caen,47687,Orange Vélodrome,Nicolas Rainville,https://fbref.com/en/matches/9a865b2e/Marseille-Caen-November-5-2017-Ligue-1,5,0
Ligue1,2017-2018,Regular Season,12,Sun,2017-11-05,17:00,Metz,1.4,1.6,Lille,12506,Stade Saint-Symphorien,Jérôme Brisard,https://fbref.com/en/matches/0ce48f56/Metz-Lille-November-5-2017-Ligue-1,0,3
Ligue1,2017-2018,Regular Season,12,Sun,2017-11-05,21:00,Saint-Étienne,1.2,2.7,Lyon,38993,Stade Geoffroy-Guichard,Clément Turpin,https://fbref.com/en/matches/fd65d399/Saint-Etienne-Lyon-November-5-2017-Ligue-1,0,5
Ligue1,2017-2018,Regular Season,13,Fri,2017-11-17,19:00,Lille,0.7,1.5,Saint-Étienne,28019,Stade Pierre-Mauroy,Johan Hamel,https://fbref.com/en/matches/77835765/Lille-Saint-Etienne-November-17-2017-Ligue-1,3,1
Ligue1,2017-2018,Regular Season,13,Fri,2017-11-17,20:45,Amiens,1.1,1.1,Monaco,9198,Stade de la Licorne,Jérôme Miguelgorry,https://fbref.com/en/matches/78612794/Amiens-Monaco-November-17-2017-Ligue-1,1,1
Ligue1,2017-2018,Regular Season,13,Sat,2017-11-18,17:00,Paris S-G,1.8,1.0,Nantes,47680,Parc des Princes,Nicolas Rainville,https://fbref.com/en/matches/4155088a/Paris-Saint-Germain-Nantes-November-18-2017-Ligue-1,4,1
Ligue1,2017-2018,Regular Season,13,Sat,2017-11-18,20:00,Strasbourg,1.7,0.9,Rennes,22707,Stade de la Meinau,Tony Chapron,https://fbref.com/en/matches/9e795c28/Strasbourg-Rennes-November-18-2017-Ligue-1,2,1
Ligue1,2017-2018,Regular Season,13,Sat,2017-11-18,20:00,Toulouse,1.8,0.8,Metz,15656,Stadium Municipal,Hakim Ben El Hadj Salem,https://fbref.com/en/matches/f8594f10/Toulouse-Metz-November-18-2017-Ligue-1,0,0
Ligue1,2017-2018,Regular Season,13,Sat,2017-11-18,20:00,Dijon,1.6,1.3,Troyes,10227,Stade Gaston Gérard,Franck Schneider,https://fbref.com/en/matches/9e9fd0c1/Dijon-Troyes-November-18-2017-Ligue-1,3,1
Ligue1,2017-2018,Regular Season,13,Sat,2017-11-18,20:00,Guingamp,1.2,0.3,Angers,13849,Stade du Roudourou,Jérôme Brisard,https://fbref.com/en/matches/e3c4f97b/Guingamp-Angers-November-18-2017-Ligue-1,1,1
Ligue1,2017-2018,Regular Season,13,Sun,2017-11-19,15:00,Caen,2.1,1.4,Nice,15144,Stade Michel d'Ornano,Sébastien Desiage,https://fbref.com/en/matches/5db197c1/Caen-Nice-November-19-2017-Ligue-1,1,1
Ligue1,2017-2018,Regular Season,13,Sun,2017-11-19,17:00,Lyon,1.2,0.7,Montpellier,47651,Groupama Stadium,Karim Abed,https://fbref.com/en/matches/3ccd8a89/Lyon-Montpellier-November-19-2017-Ligue-1,0,0
Ligue1,2017-2018,Regular Season,13,Sun,2017-11-19,21:00,Bordeaux,0.5,1.4,Marseille,37356,Stade Matmut-Atlantique,Benoît Millot,https://fbref.com/en/matches/fc432437/Bordeaux-Marseille-November-19-2017-Ligue-1,1,1
Ligue1,2017-2018,Regular Season,8,Mon,2017-11-20,19:00,Amiens,1.4,0.5,Lille,9015,Stade de la Licorne,Mikael Lesage,https://fbref.com/en/matches/349fe67c/Amiens-Lille-November-20-2017-Ligue-1,3,0
Ligue1,2017-2018,Regular Season,14,Fri,2017-11-24,20:45,Saint-Étienne,1.2,1.4,Strasbourg,21282,Stade Geoffroy-Guichard,Benoît Bastien,https://fbref.com/en/matches/39b738ac/Saint-Etienne-Strasbourg-November-24-2017-Ligue-1,2,2
Ligue1,2017-2018,Regular Season,14,Sat,2017-11-25,17:00,Rennes,1.3,1.4,Nantes,26151,Roazhon Park,Ruddy Buquet,https://fbref.com/en/matches/e5ae236a/Rennes-Nantes-November-25-2017-Ligue-1,2,1
Ligue1,2017-2018,Regular Season,14,Sat,2017-11-25,20:00,Metz,1.4,0.7,Amiens,15079,Stade Saint-Symphorien,Antony Gautier,https://fbref.com/en/matches/ec94cda6/Metz-Amiens-November-25-2017-Ligue-1,0,2
Ligue1,2017-2018,Regular Season,14,Sat,2017-11-25,20:00,Montpellier,2.1,0.3,Lille,11370,Stade de la Mosson,Thomas Léonard,https://fbref.com/en/matches/f1f09705/Montpellier-Lille-November-25-2017-Ligue-1,3,0
Ligue1,2017-2018,Regular Season,14,Sat,2017-11-25,20:00,Caen,0.6,1.1,Bordeaux,15275,Stade Michel d'Ornano,Karim Abed,https://fbref.com/en/matches/4b5a2dd9/Caen-Bordeaux-November-25-2017-Ligue-1,1,0
Ligue1,2017-2018,Regular Season,14,Sat,2017-11-25,20:00,Dijon,0.8,1.9,Toulouse,10126,Stade Gaston Gérard,Stéphane Jochem,https://fbref.com/en/matches/b4a49fba/Dijon-Toulouse-November-25-2017-Ligue-1,3,1
Ligue1,2017-2018,Regular Season,14,Sat,2017-11-25,20:00,Troyes,1.2,0.4,Angers,8906,Stade de l'Aube,Hakim Ben El Hadj Salem,https://fbref.com/en/matches/88a8f21c/Troyes-Angers-November-25-2017-Ligue-1,3,0
Ligue1,2017-2018,Regular Season,14,Sun,2017-11-26,15:00,Nice,0.3,1.8,Lyon,27542,Stade de Nice,Franck Schneider,https://fbref.com/en/matches/c32b2f67/Nice-Lyon-November-26-2017-Ligue-1,0,5
Ligue1,2017-2018,Regular Season,14,Sun,2017-11-26,17:00,Marseille,1.6,0.3,Guingamp,43563,Orange Vélodrome,Amaury Delerue,https://fbref.com/en/matches/f5606131/Marseille-Guingamp-November-26-2017-Ligue-1,1,0
Ligue1,2017-2018,Regular Season,14,Sun,2017-11-26,21:00,Monaco,0.4,3.8,Paris S-G,16588,Stade Louis II.,François Letexier,https://fbref.com/en/matches/78ac6116/Monaco-Paris-Saint-Germain-November-26-2017-Ligue-1,1,2
Ligue1,2017-2018,Regular Season,15,Tue,2017-11-28,19:00,Strasbourg,0.3,1.7,Caen,22175,Stade de la Meinau,Stéphane Jochem,https://fbref.com/en/matches/9a6ccf8c/Strasbourg-Caen-November-28-2017-Ligue-1,0,0
Ligue1,2017-2018,Regular Season,15,Tue,2017-11-28,19:00,Amiens,1.2,0.9,Dijon,8693,Stade de la Licorne,Karim Abed,https://fbref.com/en/matches/819b21ac/Amiens-Dijon-November-28-2017-Ligue-1,2,1
Ligue1,2017-2018,Regular Season,15,Tue,2017-11-28,21:00,Bordeaux,1.1,0.8,Saint-Étienne,21115,Stade Matmut-Atlantique,Mikael Lesage,https://fbref.com/en/matches/5243771d/Bordeaux-Saint-Etienne-November-28-2017-Ligue-1,3,0
Ligue1,2017-2018,Regular Season,15,Wed,2017-11-29,19:00,Metz,0.5,2.7,Marseille,18046,Stade Saint-Symphorien,Tony Chapron,https://fbref.com/en/matches/990eea21/Metz-Marseille-November-29-2017-Ligue-1,0,3
Ligue1,2017-2018,Regular Season,15,Wed,2017-11-29,19:00,Angers,0.6,1.0,Rennes,10364,Stade Raymond Kopa,Nicolas Rainville,https://fbref.com/en/matches/2b647751/Angers-Rennes-November-29-2017-Ligue-1,1,2
Ligue1,2017-2018,Regular Season,15,Wed,2017-11-29,19:00,Nantes,0.9,0.4,Monaco,24800,Stade de la Beaujoire - Louis Fonteneau,Benoît Millot,https://fbref.com/en/matches/c3bd6c5f/Nantes-Monaco-November-29-2017-Ligue-1,1,0
Ligue1,2017-2018,Regular Season,15,Wed,2017-11-29,19:00,Guingamp,0.8,0.4,Montpellier,13578,Stade du Roudourou,Olivier Thual,https://fbref.com/en/matches/b2edc088/Guingamp-Montpellier-November-29-2017-Ligue-1,0,0
Ligue1,2017-2018,Regular Season,15,Wed,2017-11-29,19:00,Toulouse,2.0,1.6,Nice,10348,Stadium Municipal,Johan Hamel,https://fbref.com/en/matches/2d93bc29/Toulouse-Nice-November-29-2017-Ligue-1,1,2
Ligue1,2017-2018,Regular Season,15,Wed,2017-11-29,19:00,Lyon,2.8,0.9,Lille,31679,Groupama Stadium,Jérôme Miguelgorry,https://fbref.com/en/matches/0bab0c61/Lyon-Lille-November-29-2017-Ligue-1,1,2
Ligue1,2017-2018,Regular Season,15,Wed,2017-11-29,21:00,Paris S-G,1.7,0.5,Troyes,40920,Parc des Princes,Jérôme Brisard,https://fbref.com/en/matches/30346041/Paris-Saint-Germain-Troyes-November-29-2017-Ligue-1,2,0
Ligue1,2017-2018,Regular Season,16,Fri,2017-12-01,20:45,Dijon,1.3,1.0,Bordeaux,10631,Stade Gaston Gérard,Benoît Bastien,https://fbref.com/en/matches/d346ee3f/Dijon-Bordeaux-December-1-2017-Ligue-1,3,2
Ligue1,2017-2018,Regular Season,16,Sat,2017-12-02,17:00,Strasbourg,0.3,2.8,Paris S-G,25327,Stade de la Meinau,Ruddy Buquet,https://fbref.com/en/matches/3a44c59e/Strasbourg-Paris-Saint-Germain-December-2-2017-Ligue-1,2,1
Ligue1,2017-2018,Regular Season,16,Sat,2017-12-02,20:00,Troyes,0.8,0.8,Guingamp,9149,Stade de l'Aube,Sébastien Desiage,https://fbref.com/en/matches/03a8e9f2/Troyes-Guingamp-December-2-2017-Ligue-1,0,1
Ligue1,2017-2018,Regular Season,16,Sat,2017-12-02,20:00,Lille,1.4,1.2,Toulouse,29287,Stade Pierre-Mauroy,Benoît Millot,https://fbref.com/en/matches/fcadcb3d/Lille-Toulouse-December-2-2017-Ligue-1,1,0
Ligue1,2017-2018,Regular Season,16,Sat,2017-12-02,20:00,Monaco,0.6,0.5,Angers,6545,Stade Louis II.,Antony Gautier,https://fbref.com/en/matches/f2c24ab9/Monaco-Angers-December-2-2017-Ligue-1,1,0
Ligue1,2017-2018,Regular Season,16,Sat,2017-12-02,20:00,Rennes,1.5,0.3,Amiens,23051,Roazhon Park,Thomas Léonard,https://fbref.com/en/matches/d4944029/Rennes-Amiens-December-2-2017-Ligue-1,2,0
Ligue1,2017-2018,Regular Season,16,Sat,2017-12-02,20:00,Nice,1.9,0.5,Metz,16383,Stade de Nice,Mikael Lesage,https://fbref.com/en/matches/653e7ff8/Nice-Metz-December-2-2017-Ligue-1,3,1
Ligue1,2017-2018,Regular Season,16,Sun,2017-12-03,15:00,Saint-Étienne,1.1,1.6,Nantes,24085,Stade Geoffroy-Guichard,François Letexier,https://fbref.com/en/matches/9021b6c1/Saint-Etienne-Nantes-December-3-2017-Ligue-1,1,1
Ligue1,2017-2018,Regular Season,16,Sun,2017-12-03,17:00,Caen,1.0,1.5,Lyon,19455,Stade Michel d'Ornano,Amaury Delerue,https://fbref.com/en/matches/83803ec8/Caen-Lyon-December-3-2017-Ligue-1,1,2
Ligue1,2017-2018,Regular Season,16,Sun,2017-12-03,21:00,Montpellier,0.9,1.0,Marseille,19230,Stade de la Mosson,Franck Schneider,https://fbref.com/en/matches/e86d3f68/Montpellier-Marseille-December-3-2017-Ligue-1,1,1
Ligue1,2017-2018,Regular Season,17,Fri,2017-12-08,20:45,Bordeaux,0.7,1.3,Strasbourg,24515,Stade Matmut-Atlantique,Jérôme Brisard,https://fbref.com/en/matches/b49a984a/Bordeaux-Strasbourg-December-8-2017-Ligue-1,0,3
Ligue1,2017-2018,Regular Season,17,Sat,2017-12-09,17:00,Paris S-G,1.8,0.4,Lille,47176,Parc des Princes,Johan Hamel,https://fbref.com/en/matches/21322bf5/Paris-Saint-Germain-Lille-December-9-2017-Ligue-1,3,1
Ligue1,2017-2018,Regular Season,17,Sat,2017-12-09,20:00,Toulouse,2.2,1.1,Caen,12613,Stadium Municipal,Sébastien Moreira,https://fbref.com/en/matches/11ba51d6/Toulouse-Caen-December-9-2017-Ligue-1,2,0
Ligue1,2017-2018,Regular Season,17,Sat,2017-12-09,20:00,Metz,1.0,1.1,Rennes,11239,Stade Saint-Symphorien,Karim Abed,https://fbref.com/en/matches/11f311db/Metz-Rennes-December-9-2017-Ligue-1,1,1
Ligue1,2017-2018,Regular Season,17,Sat,2017-12-09,20:00,Guingamp,2.6,0.5,Dijon,13825,Stade du Roudourou,Mikael Lesage,https://fbref.com/en/matches/c2ab8f57/Guingamp-Dijon-December-9-2017-Ligue-1,4,0
Ligue1,2017-2018,Regular Season,17,Sat,2017-12-09,20:00,Angers,1.4,1.3,Montpellier,8756,Stade Raymond Kopa,Stéphane Jochem,https://fbref.com/en/matches/2030f949/Angers-Montpellier-December-9-2017-Ligue-1,1,1
Ligue1,2017-2018,Regular Season,17,Sat,2017-12-09,20:00,Monaco,1.1,1.8,Troyes,8935,Stade Louis II.,Franck Schneider,https://fbref.com/en/matches/df0e0e5a/Monaco-Troyes-December-9-2017-Ligue-1,3,2
Ligue1,2017-2018,Regular Season,17,Sun,2017-12-10,15:00,Amiens,2.0,0.9,Lyon,9130,Stade de la Licorne,Olivier Thual,https://fbref.com/en/matches/d10fe8bf/Amiens-Lyon-December-10-2017-Ligue-1,1,2
Ligue1,2017-2018,Regular Season,17,Sun,2017-12-10,17:00,Nantes,1.2,0.7,Nice,19723,Stade de la Beaujoire - Louis Fonteneau,Jérôme Miguelgorry,https://fbref.com/en/matches/cfe6f30a/Nantes-Nice-December-10-2017-Ligue-1,1,2
Ligue1,2017-2018,Regular Season,17,Sun,2017-12-10,21:00,Marseille,2.6,0.8,Saint-Étienne,41943,Orange Vélodrome,Nicolas Rainville,https://fbref.com/en/matches/ea981bef/Marseille-Saint-Etienne-December-10-2017-Ligue-1,3,0
Ligue1,2017-2018,Regular Season,18,Fri,2017-12-15,20:45,Saint-Étienne,0.4,2.7,Monaco,23107,Stade Geoffroy-Guichard,Amaury Delerue,https://fbref.com/en/matches/a1e5f94e/Saint-Etienne-Monaco-December-15-2017-Ligue-1,0,4
Ligue1,2017-2018,Regular Season,18,Sat,2017-12-16,17:00,Rennes,2.2,4.4,Paris S-G,29194,Roazhon Park,Antony Gautier,https://fbref.com/en/matches/bf9b6002/Rennes-Paris-Saint-Germain-December-16-2017-Ligue-1,1,4
Ligue1,2017-2018,Regular Season,18,Sat,2017-12-16,20:00,Strasbourg,1.9,1.3,Toulouse,23315,Stade de la Meinau,Jérôme Miguelgorry,https://fbref.com/en/matches/99d59c46/Strasbourg-Toulouse-December-16-2017-Ligue-1,2,1
Ligue1,2017-2018,Regular Season,18,Sat,2017-12-16,20:00,Dijon,0.7,0.6,Lille,10634,Stade Gaston Gérard,Thomas Léonard,https://fbref.com/en/matches/cf075b8b/Dijon-Lille-December-16-2017-Ligue-1,3,0
Ligue1,2017-2018,Regular Season,18,Sat,2017-12-16,20:00,Montpellier,0.5,1.2,Metz,14055,Stade de la Mosson,Benoît Millot,https://fbref.com/en/matches/861c20a0/Montpellier-Metz-December-16-2017-Ligue-1,1,3
Ligue1,2017-2018,Regular Season,18,Sat,2017-12-16,20:00,Caen,0.9,0.4,Guingamp,17173,Stade Michel d'Ornano,Nicolas Rainville,https://fbref.com/en/matches/a13852da/Caen-Guingamp-December-16-2017-Ligue-1,0,0
Ligue1,2017-2018,Regular Season,18,Sat,2017-12-16,20:00,Troyes,2.3,0.9,Amiens,14505,Stade de l'Aube,François Letexier,https://fbref.com/en/matches/3af3d592/Troyes-Amiens-December-16-2017-Ligue-1,1,0
Ligue1,2017-2018,Regular Season,18,Sun,2017-12-17,15:00,Nantes,1.2,0.6,Angers,24285,Stade de la Beaujoire - Louis Fonteneau,Karim Abed,https://fbref.com/en/matches/c7541f4a/Nantes-Angers-December-17-2017-Ligue-1,1,0
Ligue1,2017-2018,Regular Season,18,Sun,2017-12-17,17:00,Nice,2.0,1.1,Bordeaux,22831,Stade de Nice,Ruddy Buquet,https://fbref.com/en/matches/92b6ef96/Nice-Bordeaux-December-17-2017-Ligue-1,1,0
Ligue1,2017-2018,Regular Season,18,Sun,2017-12-17,21:00,Lyon,1.2,1.1,Marseille,57206,Groupama Stadium,Benoît Bastien,https://fbref.com/en/matches/19075499/Choc-des-Olympiques-Lyon-Marseille-December-17-2017-Ligue-1,2,0
Ligue1,2017-2018,Regular Season,19,Wed,2017-12-20,20:50,Monaco,1.6,1.8,Rennes,7542,Stade Louis II.,Benoît Bastien,https://fbref.com/en/matches/1d159233/Monaco-Rennes-December-20-2017-Ligue-1,2,1
Ligue1,2017-2018,Regular Season,19,Wed,2017-12-20,20:50,Amiens,0.7,1.0,Nantes,8865,Stade de la Licorne,Jérôme Brisard,https://fbref.com/en/matches/ad0cc955/Amiens-Nantes-December-20-2017-Ligue-1,0,1
Ligue1,2017-2018,Regular Season,19,Wed,2017-12-20,20:50,Lille,0.7,0.9,Nice,26450,Stade Pierre-Mauroy,Franck Schneider,https://fbref.com/en/matches/2f8d6062/Lille-Nice-December-20-2017-Ligue-1,1,1
Ligue1,2017-2018,Regular Season,19,Wed,2017-12-20,20:50,Metz,1.7,1.2,Strasbourg,16874,Stade Saint-Symphorien,Clément Turpin,https://fbref.com/en/matches/8924d84a/Metz-Strasbourg-December-20-2017-Ligue-1,3,0
Ligue1,2017-2018,Regular Season,19,Wed,2017-12-20,20:50,Toulouse,2.7,2.7,Lyon,15853,Stadium Municipal,François Letexier,https://fbref.com/en/matches/3f87881f/Toulouse-Lyon-December-20-2017-Ligue-1,1,2
Ligue1,2017-2018,Regular Season,19,Wed,2017-12-20,20:50,Bordeaux,0.4,0.9,Montpellier,16429,Stade Matmut-Atlantique,Sébastien Desiage,https://fbref.com/en/matches/16a3b502/Bordeaux-Montpellier-December-20-2017-Ligue-1,0,2
Ligue1,2017-2018,Regular Season,19,Wed,2017-12-20,20:50,Guingamp,2.6,0.3,Saint-Étienne,14165,Stade du Roudourou,Johan Hamel,https://fbref.com/en/matches/43ebed63/Guingamp-Saint-Etienne-December-20-2017-Ligue-1,2,1
Ligue1,2017-2018,Regular Season,19,Wed,2017-12-20,20:50,Angers,2.7,1.5,Dijon,8017,Stade Raymond Kopa,Amaury Delerue,https://fbref.com/en/matches/9337238e/Angers-Dijon-December-20-2017-Ligue-1,2,1
Ligue1,2017-2018,Regular Season,19,Wed,2017-12-20,20:50,Paris S-G,2.9,1.1,Caen,47490,Parc des Princes,Karim Abed,https://fbref.com/en/matches/407c9d4d/Paris-Saint-Germain-Caen-December-20-2017-Ligue-1,3,1
Ligue1,2017-2018,Regular Season,19,Wed,2017-12-20,20:50,Marseille,1.7,1.0,Troyes,37949,Orange Vélodrome,Olivier Thual,https://fbref.com/en/matches/eb90c2ac/Marseille-Troyes-December-20-2017-Ligue-1,3,1
Ligue1,2017-2018,Regular Season,20,Fri,2018-01-12,20:45,Strasbourg,1.5,0.9,Guingamp,22578,Stade de la Meinau,Sébastien Moreira,https://fbref.com/en/matches/9a5e17b2/Strasbourg-Guingamp-January-12-2018-Ligue-1,0,2
Ligue1,2017-2018,Regular Season,20,Sat,2018-01-13,17:00,Rennes,1.3,2.3,Marseille,23700,Roazhon Park,Clément Turpin,https://fbref.com/en/matches/4d1e2b8d/Rennes-Marseille-January-13-2018-Ligue-1,0,3
Ligue1,2017-2018,Regular Season,20,Sat,2018-01-13,20:00,Troyes,1.3,0.8,Bordeaux,10822,Stade de l'Aube,Jérôme Brisard,https://fbref.com/en/matches/3f6dfa69/Troyes-Bordeaux-January-13-2018-Ligue-1,0,1
Ligue1,2017-2018,Regular Season,20,Sat,2018-01-13,20:00,Montpellier,1.1,1.2,Monaco,14643,Stade de la Mosson,Antony Gautier,https://fbref.com/en/matches/85672470/Montpellier-Monaco-January-13-2018-Ligue-1,0,0
Ligue1,2017-2018,Regular Season,20,Sat,2018-01-13,20:00,Nice,1.4,0.5,Amiens,17340,Stade de Nice,Amaury Delerue,https://fbref.com/en/matches/22824aa3/Nice-Amiens-January-13-2018-Ligue-1,1,0
Ligue1,2017-2018,Regular Season,20,Sat,2018-01-13,20:00,Caen,0.9,1.3,Lille,18283,Stade Michel d'Ornano,Johan Hamel,https://fbref.com/en/matches/b48f34d2/Caen-Lille-January-13-2018-Ligue-1,0,1
Ligue1,2017-2018,Regular Season,20,Sat,2018-01-13,20:00,Dijon,1.1,1.3,Metz,10668,Stade Gaston Gérard,François Letexier,https://fbref.com/en/matches/907c3cc4/Dijon-Metz-January-13-2018-Ligue-1,1,1
Ligue1,2017-2018,Regular Season,20,Sun,2018-01-14,15:00,Saint-Étienne,1.9,0.9,Toulouse,23295,Stade Geoffroy-Guichard,Mikael Lesage,https://fbref.com/en/matches/b81db7e2/Saint-Etienne-Toulouse-January-14-2018-Ligue-1,2,0
Ligue1,2017-2018,Regular Season,20,Sun,2018-01-14,17:00,Lyon,1.1,1.3,Angers,36691,Groupama Stadium,Franck Schneider,https://fbref.com/en/matches/4fb0e3c9/Lyon-Angers-January-14-2018-Ligue-1,1,1
Ligue1,2017-2018,Regular Season,20,Sun,2018-01-14,21:00,Nantes,1.2,2.4,Paris S-G,34486,Stade de la Beaujoire - Louis Fonteneau,Tony Chapron,https://fbref.com/en/matches/6d003f49/Nantes-Paris-Saint-Germain-January-14-2018-Ligue-1,0,1
Ligue1,2017-2018,Regular Season,21,Tue,2018-01-16,19:00,Marseille,2.8,0.1,Strasbourg,38099,Orange Vélodrome,Ruddy Buquet,https://fbref.com/en/matches/5f4b4554/Marseille-Strasbourg-January-16-2018-Ligue-1,2,0
Ligue1,2017-2018,Regular Season,21,Tue,2018-01-16,19:00,Bordeaux,0.9,1.2,Caen,14368,Stade Matmut-Atlantique,Stéphane Jochem,https://fbref.com/en/matches/6e4265d9/Bordeaux-Caen-January-16-2018-Ligue-1,0,2
Ligue1,2017-2018,Regular Season,21,Tue,2018-01-16,21:00,Monaco,1.2,1.2,Nice,10533,Stade Louis II.,François Letexier,https://fbref.com/en/matches/88e05618/Monaco-Nice-January-16-2018-Ligue-1,2,2
Ligue1,2017-2018,Regular Season,21,Wed,2018-01-17,19:00,Guingamp,0.6,2.1,Lyon,14638,Stade du Roudourou,Nicolas Rainville,https://fbref.com/en/matches/bd53301a/Guingamp-Lyon-January-17-2018-Ligue-1,0,2
Ligue1,2017-2018,Regular Season,21,Wed,2018-01-17,19:00,Toulouse,1.5,0.5,Nantes,13742,Stadium Municipal,Thomas Léonard,https://fbref.com/en/matches/9e8f542e/Toulouse-Nantes-January-17-2018-Ligue-1,1,1
Ligue1,2017-2018,Regular Season,21,Wed,2018-01-17,19:00,Angers,1.4,0.4,Troyes,8046,Stade Raymond Kopa,Amaury Delerue,https://fbref.com/en/matches/f2821631/Angers-Troyes-January-17-2018-Ligue-1,3,1
Ligue1,2017-2018,Regular Season,21,Wed,2018-01-17,19:00,Metz,2.8,0.5,Saint-Étienne,12702,Stade Saint-Symphorien,Benoît Millot,https://fbref.com/en/matches/9a52ed73/Metz-Saint-Etienne-January-17-2018-Ligue-1,3,0
Ligue1,2017-2018,Regular Season,21,Wed,2018-01-17,19:00,Amiens,1.3,1.6,Montpellier,8233,Stade de la Licorne,Karim Abed,https://fbref.com/en/matches/931ab5f3/Amiens-Montpellier-January-17-2018-Ligue-1,1,1
Ligue1,2017-2018,Regular Season,21,Wed,2018-01-17,19:00,Lille,0.6,1.8,Rennes,27816,Stade Pierre-Mauroy,Mikael Lesage,https://fbref.com/en/matches/1257a6b0/Lille-Rennes-January-17-2018-Ligue-1,1,2
Ligue1,2017-2018,Regular Season,21,Wed,2018-01-17,21:00,Paris S-G,4.2,0.2,Dijon,47483,Parc des Princes,Olivier Thual,https://fbref.com/en/matches/96bd1001/Paris-Saint-Germain-Dijon-January-17-2018-Ligue-1,8,0
Ligue1,2017-2018,Regular Season,22,Fri,2018-01-19,20:45,Caen,0.2,1.7,Marseille,20249,Stade Michel d'Ornano,François Letexier,https://fbref.com/en/matches/7a6faf9d/Caen-Marseille-January-19-2018-Ligue-1,0,2
Ligue1,2017-2018,Regular Season,22,Sat,2018-01-20,17:00,Nantes,1.3,0.4,Bordeaux,26076,Stade de la Beaujoire - Louis Fonteneau,Johan Hamel,https://fbref.com/en/matches/2a55ad4b/Nantes-Bordeaux-January-20-2018-Ligue-1,0,1
Ligue1,2017-2018,Regular Season,22,Sat,2018-01-20,20:00,Amiens,2.5,0.5,Guingamp,8686,Stade de la Licorne,Sébastien Desiage,https://fbref.com/en/matches/2df1fed9/Amiens-Guingamp-January-20-2018-Ligue-1,3,1
Ligue1,2017-2018,Regular Season,22,Sat,2018-01-20,20:00,Montpellier,2.2,0.9,Toulouse,10652,Stade de la Mosson,Jérôme Brisard,https://fbref.com/en/matches/3e81abe8/Montpellier-Toulouse-January-20-2018-Ligue-1,2,1
Ligue1,2017-2018,Regular Season,22,Sat,2018-01-20,20:00,Troyes,0.5,0.6,Lille,9269,Stade de l'Aube,Stéphane Jochem,https://fbref.com/en/matches/961ac0b9/Troyes-Lille-January-20-2018-Ligue-1,1,0
Ligue1,2017-2018,Regular Season,22,Sat,2018-01-20,20:00,Strasbourg,2.4,1.5,Dijon,21067,Stade de la Meinau,Antony Gautier,https://fbref.com/en/matches/b81c77e7/Strasbourg-Dijon-January-20-2018-Ligue-1,3,2
Ligue1,2017-2018,Regular Season,22,Sat,2018-01-20,20:00,Rennes,1.5,0.4,Angers,21186,Roazhon Park,Sébastien Moreira,https://fbref.com/en/matches/03188f3a/Rennes-Angers-January-20-2018-Ligue-1,1,0
Ligue1,2017-2018,Regular Season,22,Sun,2018-01-21,15:00,Nice,0.3,0.4,Saint-Étienne,23254,Stade de Nice,Franck Schneider,https://fbref.com/en/matches/29d01262/Nice-Saint-Etienne-January-21-2018-Ligue-1,1,0
Ligue1,2017-2018,Regular Season,22,Sun,2018-01-21,17:00,Monaco,2.2,0.1,Metz,6333,Stade Louis II.,Mikael Lesage,https://fbref.com/en/matches/1b40cf24/Monaco-Metz-January-21-2018-Ligue-1,3,1
Ligue1,2017-2018,Regular Season,22,Sun,2018-01-21,21:00,Lyon,1.1,0.7,Paris S-G,57582,Groupama Stadium,Clément Turpin,https://fbref.com/en/matches/8c83e70d/Lyon-Paris-Saint-Germain-January-21-2018-Ligue-1,2,1
Ligue1,2017-2018,Regular Season,23,Fri,2018-01-26,20:45,Dijon,1.7,1.1,Rennes,10091,Stade Gaston Gérard,Jérôme Brisard,https://fbref.com/en/matches/4b9d2ad5/Dijon-Rennes-January-26-2018-Ligue-1,2,1
Ligue1,2017-2018,Regular Season,23,Sat,2018-01-27,17:00,Paris S-G,3.8,0.4,Montpellier,47379,Parc des Princes,Franck Schneider,https://fbref.com/en/matches/6d191589/Paris-Saint-Germain-Montpellier-January-27-2018-Ligue-1,4,0
Ligue1,2017-2018,Regular Season,23,Sat,2018-01-27,20:00,Toulouse,2.2,0.0,Troyes,19028,Stadium Municipal,Benoît Bastien,https://fbref.com/en/matches/40961be4/Toulouse-Troyes-January-27-2018-Ligue-1,1,0
Ligue1,2017-2018,Regular Season,23,Sat,2018-01-27,20:00,Saint-Étienne,0.7,1.4,Caen,21559,Stade Geoffroy-Guichard,Sébastien Moreira,https://fbref.com/en/matches/04f15157/Saint-Etienne-Caen-January-27-2018-Ligue-1,2,1
Ligue1,2017-2018,Regular Season,23,Sat,2018-01-27,20:00,Angers,1.5,0.0,Amiens,8914,Stade Raymond Kopa,Olivier Thual,https://fbref.com/en/matches/59ab3731/Angers-Amiens-January-27-2018-Ligue-1,1,0
Ligue1,2017-2018,Regular Season,23,Sat,2018-01-27,20:00,Metz,0.8,2.2,Nice,13200,Stade Saint-Symphorien,Johan Hamel,https://fbref.com/en/matches/37a44725/Metz-Nice-January-27-2018-Ligue-1,2,1
Ligue1,2017-2018,Regular Season,23,Sat,2018-01-27,20:00,Guingamp,0.3,1.7,Nantes,13761,Stade du Roudourou,Benoît Millot,https://fbref.com/en/matches/86ee6462/Guingamp-Nantes-January-27-2018-Ligue-1,0,3
Ligue1,2017-2018,Regular Season,23,Sun,2018-01-28,15:00,Lille,0.7,1.1,Strasbourg,27462,Stade Pierre-Mauroy,Sébastien Desiage,https://fbref.com/en/matches/ad5b5335/Lille-Strasbourg-January-28-2018-Ligue-1,2,1
Ligue1,2017-2018,Regular Season,23,Sun,2018-01-28,17:00,Bordeaux,2.2,0.4,Lyon,29310,Stade Matmut-Atlantique,François Letexier,https://fbref.com/en/matches/63544721/Bordeaux-Lyon-January-28-2018-Ligue-1,3,1
Ligue1,2017-2018,Regular Season,23,Sun,2018-01-28,21:00,Marseille,1.9,0.9,Monaco,51279,Orange Vélodrome,Antony Gautier,https://fbref.com/en/matches/bd81bb36/Marseille-Monaco-January-28-2018-Ligue-1,2,2
Ligue1,2017-2018,Regular Season,24,Fri,2018-02-02,20:45,Marseille,4.8,1.2,Metz,32745,Orange Vélodrome,Olivier Thual,https://fbref.com/en/matches/bb914ee6/Marseille-Metz-February-2-2018-Ligue-1,6,3
Ligue1,2017-2018,Regular Season,24,Sat,2018-02-03,17:00,Lille,0.3,1.5,Paris S-G,49082,Stade Pierre-Mauroy,Johan Hamel,https://fbref.com/en/matches/e0120df1/Lille-Paris-Saint-Germain-February-3-2018-Ligue-1,0,3
Ligue1,2017-2018,Regular Season,24,Sat,2018-02-03,20:00,Amiens,0.5,2.4,Saint-Étienne,9255,Stade de la Licorne,Thomas Léonard,https://fbref.com/en/matches/38830f48/Amiens-Saint-Etienne-February-3-2018-Ligue-1,0,2
Ligue1,2017-2018,Regular Season,24,Sat,2018-02-03,20:00,Montpellier,0.4,1.1,Angers,9549,Stade de la Mosson,Stéphane Jochem,https://fbref.com/en/matches/7df48b7c/Montpellier-Angers-February-3-2018-Ligue-1,2,1
Ligue1,2017-2018,Regular Season,24,Sat,2018-02-03,20:00,Nice,1.1,0.3,Toulouse,17231,Stade de Nice,Antony Gautier,https://fbref.com/en/matches/de5b03fe/Nice-Toulouse-February-3-2018-Ligue-1,0,1
Ligue1,2017-2018,Regular Season,24,Sat,2018-02-03,20:00,Strasbourg,0.4,0.8,Bordeaux,24662,Stade de la Meinau,Jérôme Brisard,https://fbref.com/en/matches/62601f41/Strasbourg-Bordeaux-February-3-2018-Ligue-1,0,2
Ligue1,2017-2018,Regular Season,24,Sun,2018-02-04,15:00,Rennes,1.5,0.8,Guingamp,28705,Roazhon Park,Ruddy Buquet,https://fbref.com/en/matches/3bbba71a/Rennes-Guingamp-February-4-2018-Ligue-1,0,1
Ligue1,2017-2018,Regular Season,24,Sun,2018-02-04,17:00,Caen,2.2,0.9,Nantes,16121,Stade Michel d'Ornano,Karim Abed,https://fbref.com/en/matches/347e2e74/Caen-Nantes-February-4-2018-Ligue-1,3,2
Ligue1,2017-2018,Regular Season,24,Sun,2018-02-04,21:00,Monaco,1.5,1.0,Lyon,10301,Stade Louis II.,Benoît Bastien,https://fbref.com/en/matches/70fb412d/Monaco-Lyon-February-4-2018-Ligue-1,3,2
Ligue1,2017-2018,Regular Season,25,Fri,2018-02-09,20:45,Saint-Étienne,1.5,1.3,Marseille,30162,Stade Geoffroy-Guichard,Franck Schneider,https://fbref.com/en/matches/a79c64e2/Saint-Etienne-Marseille-February-9-2018-Ligue-1,2,2
Ligue1,2017-2018,Regular Season,25,Sat,2018-02-10,17:00,Toulouse,0.2,1.5,Paris S-G,31909,Stadium Municipal,Ruddy Buquet,https://fbref.com/en/matches/6fd38815/Toulouse-Paris-Saint-Germain-February-10-2018-Ligue-1,0,1
Ligue1,2017-2018,Regular Season,25,Sat,2018-02-10,20:00,Bordeaux,1.8,2.2,Amiens,19889,Stade Matmut-Atlantique,Benoît Bastien,https://fbref.com/en/matches/e495101a/Bordeaux-Amiens-February-10-2018-Ligue-1,3,2
Ligue1,2017-2018,Regular Season,25,Sat,2018-02-10,20:00,Dijon,2.4,1.4,Nice,11901,Stade Gaston Gérard,Nicolas Rainville,https://fbref.com/en/matches/8009ce5e/Dijon-Nice-February-10-2018-Ligue-1,3,2
Ligue1,2017-2018,Regular Season,25,Sat,2018-02-10,20:00,Angers,0.9,2.2,Monaco,12759,Stade Raymond Kopa,Thomas Léonard,https://fbref.com/en/matches/b153c3bd/Angers-Monaco-February-10-2018-Ligue-1,0,4
Ligue1,2017-2018,Regular Season,25,Sat,2018-02-10,20:00,Metz,1.0,0.9,Montpellier,12304,Stade Saint-Symphorien,Sébastien Desiage,https://fbref.com/en/matches/184bb1f8/Metz-Montpellier-February-10-2018-Ligue-1,0,1
Ligue1,2017-2018,Regular Season,25,Sat,2018-02-10,20:00,Guingamp,0.3,1.0,Caen,13988,Stade du Roudourou,Stéphane Jochem,https://fbref.com/en/matches/2c5f9a78/Guingamp-Caen-February-10-2018-Ligue-1,0,0
Ligue1,2017-2018,Regular Season,25,Sun,2018-02-11,15:00,Strasbourg,1.5,1.1,Troyes,22926,Stade de la Meinau,François Letexier,https://fbref.com/en/matches/84cc3ecf/Strasbourg-Troyes-February-11-2018-Ligue-1,2,1
Ligue1,2017-2018,Regular Season,25,Sun,2018-02-11,17:00,Nantes,2.2,0.5,Lille,22655,Stade de la Beaujoire - Louis Fonteneau,Mikael Lesage,https://fbref.com/en/matches/c4634e82/Nantes-Lille-February-11-2018-Ligue-1,2,2
Ligue1,2017-2018,Regular Season,25,Sun,2018-02-11,21:00,Lyon,2.0,0.8,Rennes,39189,Groupama Stadium,Amaury Delerue,https://fbref.com/en/matches/479bc95b/Lyon-Rennes-February-11-2018-Ligue-1,0,2
Ligue1,2017-2018,Regular Season,26,Fri,2018-02-16,20:45,Monaco,2.1,0.3,Dijon,6418,Stade Louis II.,Johan Hamel,https://fbref.com/en/matches/58d13d7a/Monaco-Dijon-February-16-2018-Ligue-1,4,0
Ligue1,2017-2018,Regular Season,26,Sat,2018-02-17,17:00,Paris S-G,4.7,0.8,Strasbourg,47059,Parc des Princes,Thomas Léonard,https://fbref.com/en/matches/26354741/Paris-Saint-Germain-Strasbourg-February-17-2018-Ligue-1,5,2
Ligue1,2017-2018,Regular Season,26,Sat,2018-02-17,20:00,Montpellier,1.8,1.1,Guingamp,9936,Stade de la Mosson,Karim Abed,https://fbref.com/en/matches/4e4c1654/Montpellier-Guingamp-February-17-2018-Ligue-1,1,1
Ligue1,2017-2018,Regular Season,26,Sat,2018-02-17,20:00,Angers,1.3,0.6,Saint-Étienne,11166,Stade Raymond Kopa,Antony Gautier,https://fbref.com/en/matches/d32552f0/Angers-Saint-Etienne-February-17-2018-Ligue-1,0,1
Ligue1,2017-2018,Regular Season,26,Sat,2018-02-17,20:00,Amiens,0.5,0.8,Toulouse,8730,Stade de la Licorne,Franck Schneider,https://fbref.com/en/matches/5fb59a19/Amiens-Toulouse-February-17-2018-Ligue-1,0,0
Ligue1,2017-2018,Regular Season,26,Sat,2018-02-17,20:00,Troyes,1.7,1.5,Metz,11337,Stade de l'Aube,Olivier Thual,https://fbref.com/en/matches/bd8530f6/Troyes-Metz-February-17-2018-Ligue-1,1,0
Ligue1,2017-2018,Regular Season,26,Sat,2018-02-17,20:00,Caen,3.2,1.2,Rennes,16083,Stade Michel d'Ornano,Sandro Schärer,https://fbref.com/en/matches/b4714bea/Caen-Rennes-February-17-2018-Ligue-1,2,2
Ligue1,2017-2018,Regular Season,26,Sun,2018-02-18,15:00,Nice,1.0,1.3,Nantes,20966,Stade de Nice,Clément Turpin,https://fbref.com/en/matches/473267f4/Nice-Nantes-February-18-2018-Ligue-1,1,1
Ligue1,2017-2018,Regular Season,26,Sun,2018-02-18,17:00,Lille,0.8,2.0,Lyon,39523,Stade Pierre-Mauroy,Benoît Millot,https://fbref.com/en/matches/0c6326dd/Lille-Lyon-February-18-2018-Ligue-1,2,2
Ligue1,2017-2018,Regular Season,26,Sun,2018-02-18,21:00,Marseille,0.8,0.2,Bordeaux,47287,Orange Vélodrome,Mikael Lesage,https://fbref.com/en/matches/714aa7ca/Marseille-Bordeaux-February-18-2018-Ligue-1,1,0
Ligue1,2017-2018,Regular Season,24,Tue,2018-02-20,18:30,Troyes,0.9,0.5,Dijon,10269,Stade de l'Aube,Amaury Delerue,https://fbref.com/en/matches/e5a48f69/Troyes-Dijon-February-20-2018-Ligue-1,0,0
Ligue1,2017-2018,Regular Season,27,Fri,2018-02-23,20:45,Strasbourg,0.4,0.4,Montpellier,23305,Stade de la Meinau,Amaury Delerue,https://fbref.com/en/matches/002a31fa/Strasbourg-Montpellier-February-23-2018-Ligue-1,0,0
Ligue1,2017-2018,Regular Season,27,Sat,2018-02-24,17:00,Toulouse,1.4,1.8,Monaco,13184,Stadium Municipal,Benoît Millot,https://fbref.com/en/matches/e3e05666/Toulouse-Monaco-February-24-2018-Ligue-1,3,3
Ligue1,2017-2018,Regular Season,27,Sat,2018-02-24,20:00,Lille,0.7,1.6,Angers,28629,Stade Pierre-Mauroy,François Letexier,https://fbref.com/en/matches/54513c3b/Lille-Angers-February-24-2018-Ligue-1,1,2
Ligue1,2017-2018,Regular Season,27,Sat,2018-02-24,20:00,Guingamp,1.7,1.4,Metz,14447,Stade du Roudourou,Jérôme Brisard,https://fbref.com/en/matches/2162eb6c/Guingamp-Metz-February-24-2018-Ligue-1,2,2
Ligue1,2017-2018,Regular Season,27,Sat,2018-02-24,20:00,Nantes,1.3,0.3,Amiens,18830,Stade de la Beaujoire - Louis Fonteneau,Stéphane Jochem,https://fbref.com/en/matches/019be268/Nantes-Amiens-February-24-2018-Ligue-1,0,1
Ligue1,2017-2018,Regular Season,27,Sat,2018-02-24,20:00,Dijon,1.9,0.9,Caen,10524,Stade Gaston Gérard,Sébastien Desiage,https://fbref.com/en/matches/892aa609/Dijon-Caen-February-24-2018-Ligue-1,2,0
Ligue1,2017-2018,Regular Season,27,Sat,2018-02-24,20:00,Rennes,2.4,0.6,Troyes,17536,Roazhon Park,Thomas Léonard,https://fbref.com/en/matches/f52f0b22/Rennes-Troyes-February-24-2018-Ligue-1,2,0
Ligue1,2017-2018,Regular Season,27,Sun,2018-02-25,15:00,Bordeaux,1.9,0.1,Nice,23027,Stade Matmut-Atlantique,Franck Schneider,https://fbref.com/en/matches/702c8598/Bordeaux-Nice-February-25-2018-Ligue-1,0,0
Ligue1,2017-2018,Regular Season,27,Sun,2018-02-25,17:00,Lyon,0.6,1.5,Saint-Étienne,58069,Groupama Stadium,Ruddy Buquet,https://fbref.com/en/matches/4758588c/Lyon-Saint-Etienne-February-25-2018-Ligue-1,1,1
Ligue1,2017-2018,Regular Season,27,Sun,2018-02-25,21:00,Paris S-G,0.9,0.8,Marseille,47490,Parc des Princes,Benoît Bastien,https://fbref.com/en/matches/4f34f136/Paris-Saint-Germain-Marseille-February-25-2018-Ligue-1,3,0
Ligue1,2017-2018,Regular Season,28,Fri,2018-03-02,19:00,Nice,1.7,1.0,Lille,20314,Stade de Nice,Thomas Léonard,https://fbref.com/en/matches/5df69741/Nice-Lille-March-2-2018-Ligue-1,2,1
Ligue1,2017-2018,Regular Season,28,Fri,2018-03-02,20:45,Monaco,3.2,0.4,Bordeaux,7419,Stade Louis II.,Ruddy Buquet,https://fbref.com/en/matches/68a0c6e3/Monaco-Bordeaux-March-2-2018-Ligue-1,2,1
Ligue1,2017-2018,Regular Season,28,Sat,2018-03-03,17:00,Troyes,0.3,2.2,Paris S-G,20006,Stade de l'Aube,Karim Abed,https://fbref.com/en/matches/0cd01cf0/Troyes-Paris-Saint-Germain-March-3-2018-Ligue-1,0,2
Ligue1,2017-2018,Regular Season,28,Sat,2018-03-03,20:00,Angers,2.1,0.8,Guingamp,9842,Stade Raymond Kopa,Clément Turpin,https://fbref.com/en/matches/8a95b92c/Angers-Guingamp-March-3-2018-Ligue-1,3,0
Ligue1,2017-2018,Regular Season,28,Sat,2018-03-03,20:00,Saint-Étienne,1.9,1.5,Dijon,25150,Stade Geoffroy-Guichard,Benoît Millot,https://fbref.com/en/matches/20f3dbfb/Saint-Etienne-Dijon-March-3-2018-Ligue-1,2,2
Ligue1,2017-2018,Regular Season,28,Sat,2018-03-03,20:00,Amiens,2.3,1.3,Rennes,10241,Stade de la Licorne,Nicolas Rainville,https://fbref.com/en/matches/76c3935e/Amiens-Rennes-March-3-2018-Ligue-1,0,2
Ligue1,2017-2018,Regular Season,28,Sat,2018-03-03,20:00,Metz,1.0,2.5,Toulouse,11287,Stade Saint-Symphorien,Mikael Lesage,https://fbref.com/en/matches/062f5ea2/Metz-Toulouse-March-3-2018-Ligue-1,1,1
Ligue1,2017-2018,Regular Season,28,Sun,2018-03-04,15:00,Caen,0.8,0.7,Strasbourg,16464,Stade Michel d'Ornano,Johan Hamel,https://fbref.com/en/matches/585f2208/Caen-Strasbourg-March-4-2018-Ligue-1,2,0
Ligue1,2017-2018,Regular Season,28,Sun,2018-03-04,17:00,Montpellier,0.9,1.1,Lyon,15160,Stade de la Mosson,Benoît Bastien,https://fbref.com/en/matches/588db3d8/Montpellier-Lyon-March-4-2018-Ligue-1,1,1
Ligue1,2017-2018,Regular Season,28,Sun,2018-03-04,21:00,Marseille,1.8,1.3,Nantes,44203,Orange Vélodrome,Antony Gautier,https://fbref.com/en/matches/37bc27c7/Marseille-Nantes-March-4-2018-Ligue-1,1,1
Ligue1,2017-2018,Regular Season,29,Fri,2018-03-09,20:45,Strasbourg,2.3,1.1,Monaco,23814,Stade de la Meinau,Antony Gautier,https://fbref.com/en/matches/1d56a3bf/Strasbourg-Monaco-March-9-2018-Ligue-1,1,3
Ligue1,2017-2018,Regular Season,29,Sat,2018-03-10,17:00,Paris S-G,3.6,0.5,Metz,47227,Parc des Princes,Amaury Delerue,https://fbref.com/en/matches/7ce5cd03/Paris-Saint-Germain-Metz-March-10-2018-Ligue-1,5,0
Ligue1,2017-2018,Regular Season,29,Sat,2018-03-10,20:00,Lille,0.7,0.9,Montpellier,28609,Stade Pierre-Mauroy,Sébastien Moreira,https://fbref.com/en/matches/428b2001/Lille-Montpellier-March-10-2018-Ligue-1,1,1
Ligue1,2017-2018,Regular Season,29,Sat,2018-03-10,20:00,Rennes,1.3,1.5,Saint-Étienne,25655,Roazhon Park,Benoît Bastien,https://fbref.com/en/matches/73922b9e/Rennes-Saint-Etienne-March-10-2018-Ligue-1,1,1
Ligue1,2017-2018,Regular Season,29,Sat,2018-03-10,20:00,Bordeaux,0.7,0.6,Angers,17194,Stade Matmut-Atlantique,Johan Hamel,https://fbref.com/en/matches/d1b26d7e/Bordeaux-Angers-March-10-2018-Ligue-1,0,0
Ligue1,2017-2018,Regular Season,29,Sat,2018-03-10,20:00,Nantes,1.4,0.3,Troyes,17776,Stade de la Beaujoire - Louis Fonteneau,Jérôme Brisard,https://fbref.com/en/matches/b0fe022e/Nantes-Troyes-March-10-2018-Ligue-1,1,0
Ligue1,2017-2018,Regular Season,29,Sat,2018-03-10,20:00,Dijon,1.1,1.0,Amiens,12332,Stade Gaston Gérard,Mikael Lesage,https://fbref.com/en/matches/d1d731a2/Dijon-Amiens-March-10-2018-Ligue-1,1,1
Ligue1,2017-2018,Regular Season,29,Sun,2018-03-11,15:00,Guingamp,2.0,1.6,Nice,13656,Stade du Roudourou,Stéphane Jochem,https://fbref.com/en/matches/91638e12/Guingamp-Nice-March-11-2018-Ligue-1,2,5
Ligue1,2017-2018,Regular Season,29,Sun,2018-03-11,17:00,Lyon,1.9,0.3,Caen,39530,Groupama Stadium,Clément Turpin,https://fbref.com/en/matches/46ea5f78/Lyon-Caen-March-11-2018-Ligue-1,1,0
Ligue1,2017-2018,Regular Season,29,Sun,2018-03-11,21:00,Toulouse,1.5,2.3,Marseille,26320,Stadium Municipal,François Letexier,https://fbref.com/en/matches/156de528/Toulouse-Marseille-March-11-2018-Ligue-1,1,2
Ligue1,2017-2018,Regular Season,31,Wed,2018-03-14,17:00,Paris S-G,1.7,1.1,Angers,46757,Parc des Princes,Sébastien Desiage,https://fbref.com/en/matches/1075446a/Paris-Saint-Germain-Angers-March-14-2018-Ligue-1,2,1
Ligue1,2017-2018,Regular Season,30,Fri,2018-03-16,20:45,Monaco,1.1,1.0,Lille,7147,Stade Louis II.,Clément Turpin,https://fbref.com/en/matches/eaf475cd/Monaco-Lille-March-16-2018-Ligue-1,2,1
Ligue1,2017-2018,Regular Season,30,Sat,2018-03-17,17:00,Bordeaux,1.1,0.7,Rennes,32626,Stade Matmut-Atlantique,Mikael Lesage,https://fbref.com/en/matches/c3a100c9/Bordeaux-Rennes-March-17-2018-Ligue-1,0,2
Ligue1,2017-2018,Regular Season,30,Sat,2018-03-17,20:00,Amiens,1.1,1.6,Troyes,9221,Stade de la Licorne,Stéphane Jochem,https://fbref.com/en/matches/d6fb7bb0/Amiens-Troyes-March-17-2018-Ligue-1,1,1
Ligue1,2017-2018,Regular Season,30,Sat,2018-03-17,20:00,Angers,1.7,0.3,Caen,10342,Stade Raymond Kopa,Olivier Thual,https://fbref.com/en/matches/1efc918c/Angers-Caen-March-17-2018-Ligue-1,3,0
Ligue1,2017-2018,Regular Season,30,Sat,2018-03-17,20:00,Toulouse,1.5,0.9,Strasbourg,14273,Stadium Municipal,Sébastien Moreira,https://fbref.com/en/matches/96ac40aa/Toulouse-Strasbourg-March-17-2018-Ligue-1,2,2
Ligue1,2017-2018,Regular Season,30,Sat,2018-03-17,20:00,Montpellier,2.7,0.8,Dijon,14747,Stade de la Mosson,Thomas Léonard,https://fbref.com/en/matches/561674e9/Montpellier-Dijon-March-17-2018-Ligue-1,2,2
Ligue1,2017-2018,Regular Season,30,Sun,2018-03-18,13:00,Nice,1.1,2.3,Paris S-G,33478,Stade de Nice,François Letexier,https://fbref.com/en/matches/79f2e4f8/Nice-Paris-Saint-Germain-March-18-2018-Ligue-1,1,2
Ligue1,2017-2018,Regular Season,30,Sun,2018-03-18,15:00,Metz,0.6,1.0,Nantes,13058,Stade Saint-Symphorien,Benoît Millot,https://fbref.com/en/matches/873112f0/Metz-Nantes-March-18-2018-Ligue-1,1,1
Ligue1,2017-2018,Regular Season,30,Sun,2018-03-18,17:00,Saint-Étienne,1.1,0.4,Guingamp,25073,Stade Geoffroy-Guichard,Amaury Delerue,https://fbref.com/en/matches/7fad0623/Saint-Etienne-Guingamp-March-18-2018-Ligue-1,2,0
Ligue1,2017-2018,Regular Season,30,Sun,2018-03-18,21:00,Marseille,1.0,1.4,Lyon,60009,Orange Vélodrome,Ruddy Buquet,https://fbref.com/en/matches/3e2bdcb3/Choc-des-Olympiques-Marseille-Lyon-March-18-2018-Ligue-1,2,3
Ligue1,2017-2018,Regular Season,31,Sat,2018-03-31,17:00,Dijon,0.7,3.3,Marseille,15157,Stade Gaston Gérard,Jérôme Brisard,https://fbref.com/en/matches/29d23410/Dijon-Marseille-March-31-2018-Ligue-1,1,3
Ligue1,2017-2018,Regular Season,31,Sun,2018-04-01,15:00,Guingamp,1.1,1.9,Bordeaux,15427,Stade du Roudourou,Sébastien Moreira,https://fbref.com/en/matches/513f5d21/Guingamp-Bordeaux-April-1-2018-Ligue-1,2,1
Ligue1,2017-2018,Regular Season,31,Sun,2018-04-01,17:00,Strasbourg,2.0,1.7,Metz,25627,Stade de la Meinau,Ruddy Buquet,https://fbref.com/en/matches/b1286e22/Strasbourg-Metz-April-1-2018-Ligue-1,2,2
Ligue1,2017-2018,Regular Season,31,Sun,2018-04-01,17:00,Troyes,0.7,2.2,Nice,11013,Stade de l'Aube,Johan Hamel,https://fbref.com/en/matches/e3345fcc/Troyes-Nice-April-1-2018-Ligue-1,0,2
Ligue1,2017-2018,Regular Season,31,Sun,2018-04-01,17:00,Caen,1.2,1.8,Montpellier,17686,Stade Michel d'Ornano,Sébastien Desiage,https://fbref.com/en/matches/c438cfeb/Caen-Montpellier-April-1-2018-Ligue-1,1,3
Ligue1,2017-2018,Regular Season,31,Sun,2018-04-01,17:00,Nantes,2.0,2.5,Saint-Étienne,31043,Stade de la Beaujoire - Louis Fonteneau,Stephan Klossner,https://fbref.com/en/matches/4acf126f/Nantes-Saint-Etienne-April-1-2018-Ligue-1,0,3
Ligue1,2017-2018,Regular Season,31,Sun,2018-04-01,17:00,Lille,1.1,1.3,Amiens,,Stade Pierre-Mauroy,Karim Abed,https://fbref.com/en/matches/2071f6a8/Lille-Amiens-April-1-2018-Ligue-1,0,1
Ligue1,2017-2018,Regular Season,31,Sun,2018-04-01,21:00,Lyon,2.5,0.5,Toulouse,48548,Groupama Stadium,Benoît Bastien,https://fbref.com/en/matches/d369bef6/Lyon-Toulouse-April-1-2018-Ligue-1,2,0
Ligue1,2017-2018,Regular Season,31,Wed,2018-04-04,18:45,Rennes,1.8,0.9,Monaco,17448,Roazhon Park,Amaury Delerue,https://fbref.com/en/matches/f1f3d263/Rennes-Monaco-April-4-2018-Ligue-1,1,1
Ligue1,2017-2018,Regular Season,32,Fri,2018-04-06,20:45,Saint-Étienne,2.7,1.2,Paris S-G,37602,Stade Geoffroy-Guichard,Nicolas Rainville,https://fbref.com/en/matches/eee61a16/Saint-Etienne-Paris-Saint-Germain-April-6-2018-Ligue-1,1,1
Ligue1,2017-2018,Regular Season,32,Sat,2018-04-07,17:00,Monaco,0.5,0.4,Nantes,8557,Stade Louis II.,François Letexier,https://fbref.com/en/matches/1322a4da/Monaco-Nantes-April-7-2018-Ligue-1,2,1
Ligue1,2017-2018,Regular Season,32,Sat,2018-04-07,20:00,Guingamp,2.2,0.5,Troyes,14604,Stade du Roudourou,Franck Schneider,https://fbref.com/en/matches/247bf432/Guingamp-Troyes-April-7-2018-Ligue-1,4,0
Ligue1,2017-2018,Regular Season,32,Sat,2018-04-07,20:00,Amiens,1.2,1.8,Caen,9506,Stade de la Licorne,Benoît Millot,https://fbref.com/en/matches/5a204bb6/Amiens-Caen-April-7-2018-Ligue-1,3,0
Ligue1,2017-2018,Regular Season,32,Sat,2018-04-07,20:00,Angers,1.0,1.3,Strasbourg,11893,Stade Raymond Kopa,Stéphane Jochem,https://fbref.com/en/matches/463e4e96/Angers-Strasbourg-April-7-2018-Ligue-1,1,1
Ligue1,2017-2018,Regular Season,32,Sat,2018-04-07,20:00,Bordeaux,2.1,0.7,Lille,34997,Stade Matmut-Atlantique,Thomas Léonard,https://fbref.com/en/matches/363b4af4/Bordeaux-Lille-April-7-2018-Ligue-1,2,1
Ligue1,2017-2018,Regular Season,32,Sat,2018-04-07,20:00,Toulouse,1.0,1.0,Dijon,17246,Stadium Municipal,Hakim Ben El Hadj Salem,https://fbref.com/en/matches/5e4e7b0e/Toulouse-Dijon-April-7-2018-Ligue-1,0,1
Ligue1,2017-2018,Regular Season,32,Sun,2018-04-08,15:00,Nice,0.7,0.8,Rennes,23827,Stade de Nice,Jérôme Brisard,https://fbref.com/en/matches/59ff2680/Nice-Rennes-April-8-2018-Ligue-1,1,1
Ligue1,2017-2018,Regular Season,32,Sun,2018-04-08,17:00,Metz,0.5,2.0,Lyon,15540,Stade Saint-Symphorien,Antony Gautier,https://fbref.com/en/matches/cd56d714/Metz-Lyon-April-8-2018-Ligue-1,0,5
Ligue1,2017-2018,Regular Season,32,Sun,2018-04-08,21:00,Marseille,1.0,0.4,Montpellier,39163,Orange Vélodrome,Mikael Lesage,https://fbref.com/en/matches/6662310d/Marseille-Montpellier-April-8-2018-Ligue-1,0,0
Ligue1,2017-2018,Regular Season,33,Fri,2018-04-13,20:45,Angers,1.2,1.2,Nice,12754,Stade Raymond Kopa,Clément Turpin,https://fbref.com/en/matches/fdb18819/Angers-Nice-April-13-2018-Ligue-1,1,1
Ligue1,2017-2018,Regular Season,33,Sat,2018-04-14,17:00,Lyon,2.8,0.3,Amiens,47513,Groupama Stadium,Johan Hamel,https://fbref.com/en/matches/e1ac7a3a/Lyon-Amiens-April-14-2018-Ligue-1,3,0
Ligue1,2017-2018,Regular Season,33,Sat,2018-04-14,20:00,Nantes,1.2,0.6,Dijon,19209,Stade de la Beaujoire - Louis Fonteneau,Olivier Thual,https://fbref.com/en/matches/04bebf57/Nantes-Dijon-April-14-2018-Ligue-1,1,1
Ligue1,2017-2018,Regular Season,33,Sat,2018-04-14,20:00,Strasbourg,1.0,0.5,Saint-Étienne,25377,Stade de la Meinau,Mikael Lesage,https://fbref.com/en/matches/1211130a/Strasbourg-Saint-Etienne-April-14-2018-Ligue-1,0,1
Ligue1,2017-2018,Regular Season,33,Sat,2018-04-14,20:00,Lille,1.3,0.5,Guingamp,33461,Stade Pierre-Mauroy,Benoît Bastien,https://fbref.com/en/matches/46aa6432/Lille-Guingamp-April-14-2018-Ligue-1,2,2
Ligue1,2017-2018,Regular Season,33,Sat,2018-04-14,20:00,Rennes,1.6,1.2,Metz,22855,Roazhon Park,Hakim Ben El Hadj Salem,https://fbref.com/en/matches/ada4c8c3/Rennes-Metz-April-14-2018-Ligue-1,1,2
Ligue1,2017-2018,Regular Season,33,Sun,2018-04-15,15:00,Montpellier,1.5,1.7,Bordeaux,13520,Stade de la Mosson,Karim Abed,https://fbref.com/en/matches/73ebee0b/Montpellier-Bordeaux-April-15-2018-Ligue-1,1,3
Ligue1,2017-2018,Regular Season,33,Sun,2018-04-15,17:00,Troyes,1.8,1.5,Marseille,18011,Stade de l'Aube,Sébastien Moreira,https://fbref.com/en/matches/656730d0/Troyes-Marseille-April-15-2018-Ligue-1,2,3
Ligue1,2017-2018,Regular Season,33,Sun,2018-04-15,21:00,Paris S-G,2.6,1.6,Monaco,46869,Parc des Princes,Ruddy Buquet,https://fbref.com/en/matches/1da5df93/Paris-Saint-Germain-Monaco-April-15-2018-Ligue-1,7,1
Ligue1,2017-2018,Regular Season,34,Fri,2018-04-20,19:30,Nantes,1.8,1.6,Rennes,32431,Stade de la Beaujoire - Louis Fonteneau,Benoît Bastien,https://fbref.com/en/matches/a88e34e0/Nantes-Rennes-April-20-2018-Ligue-1,1,1
Ligue1,2017-2018,Regular Season,34,Fri,2018-04-20,21:00,Dijon,0.8,2.7,Lyon,15102,Stade Gaston Gérard,Franck Schneider,https://fbref.com/en/matches/4074b3d5/Dijon-Lyon-April-20-2018-Ligue-1,2,5
Ligue1,2017-2018,Regular Season,34,Sat,2018-04-21,17:00,Marseille,2.9,1.4,Lille,51098,Orange Vélodrome,Amaury Delerue,https://fbref.com/en/matches/05533f7e/Marseille-Lille-April-21-2018-Ligue-1,5,1
Ligue1,2017-2018,Regular Season,34,Sat,2018-04-21,20:00,Metz,1.3,0.6,Caen,16518,Stade Saint-Symphorien,Karim Abed,https://fbref.com/en/matches/76852ce8/Metz-Caen-April-21-2018-Ligue-1,1,1
Ligue1,2017-2018,Regular Season,34,Sat,2018-04-21,20:00,Amiens,1.0,1.6,Strasbourg,9784,Stade de la Licorne,Olivier Thual,https://fbref.com/en/matches/d157c90c/Amiens-Strasbourg-April-21-2018-Ligue-1,3,1
Ligue1,2017-2018,Regular Season,34,Sat,2018-04-21,20:00,Guingamp,3.3,0.3,Monaco,14968,Stade du Roudourou,Benoît Millot,https://fbref.com/en/matches/9f916db5/Guingamp-Monaco-April-21-2018-Ligue-1,3,1
Ligue1,2017-2018,Regular Season,34,Sat,2018-04-21,20:00,Toulouse,2.3,0.5,Angers,14414,Stadium Municipal,Jérôme Brisard,https://fbref.com/en/matches/9900820e/Toulouse-Angers-April-21-2018-Ligue-1,2,0
Ligue1,2017-2018,Regular Season,34,Sun,2018-04-22,15:00,Nice,1.6,0.4,Montpellier,21285,Stade de Nice,Ruddy Buquet,https://fbref.com/en/matches/2349b82a/Nice-Montpellier-April-22-2018-Ligue-1,1,0
Ligue1,2017-2018,Regular Season,34,Sun,2018-04-22,17:00,Saint-Étienne,2.0,1.0,Troyes,31692,Stade Geoffroy-Guichard,Stéphane Jochem,https://fbref.com/en/matches/2a6747d4/Saint-Etienne-Troyes-April-22-2018-Ligue-1,2,1
Ligue1,2017-2018,Regular Season,34,Sun,2018-04-22,21:00,Bordeaux,1.7,0.9,Paris S-G,41290,Stade Matmut-Atlantique,Antony Gautier,https://fbref.com/en/matches/e418c568/Bordeaux-Paris-Saint-Germain-April-22-2018-Ligue-1,0,1
Ligue1,2017-2018,Regular Season,33,Wed,2018-04-25,18:45,Caen,0.3,0.4,Toulouse,18658,Stade Michel d'Ornano,Benoît Millot,https://fbref.com/en/matches/0816ccae/Caen-Toulouse-April-25-2018-Ligue-1,0,0
Ligue1,2017-2018,Regular Season,35,Fri,2018-04-27,20:45,Montpellier,1.7,1.3,Saint-Étienne,15814,Stade de la Mosson,Thomas Léonard,https://fbref.com/en/matches/5c02ab33/Montpellier-Saint-Etienne-April-27-2018-Ligue-1,0,1
Ligue1,2017-2018,Regular Season,35,Sat,2018-04-28,17:00,Lyon,3.2,0.5,Nantes,50443,Groupama Stadium,Antony Gautier,https://fbref.com/en/matches/2a72f30f/Lyon-Nantes-April-28-2018-Ligue-1,2,0
Ligue1,2017-2018,Regular Season,35,Sat,2018-04-28,20:00,Lille,2.5,1.1,Metz,38429,Stade Pierre-Mauroy,François Letexier,https://fbref.com/en/matches/ed0f2e13/Lille-Metz-April-28-2018-Ligue-1,3,1
Ligue1,2017-2018,Regular Season,35,Sat,2018-04-28,20:00,Bordeaux,2.2,1.6,Dijon,22584,Stade Matmut-Atlantique,Johan Hamel,https://fbref.com/en/matches/41c0dde1/Bordeaux-Dijon-April-28-2018-Ligue-1,3,1
Ligue1,2017-2018,Regular Season,35,Sat,2018-04-28,20:00,Strasbourg,0.9,1.6,Nice,25386,Stade de la Meinau,Amaury Delerue,https://fbref.com/en/matches/4d052eeb/Strasbourg-Nice-April-28-2018-Ligue-1,1,1
Ligue1,2017-2018,Regular Season,35,Sat,2018-04-28,20:00,Monaco,0.7,1.0,Amiens,8164,Stade Louis II.,Mikael Lesage,https://fbref.com/en/matches/1f0aa2e3/Monaco-Amiens-April-28-2018-Ligue-1,0,0
Ligue1,2017-2018,Regular Season,35,Sat,2018-04-28,20:00,Troyes,1.1,0.7,Caen,14019,Stade de l'Aube,Hakim Ben El Hadj Salem,https://fbref.com/en/matches/0aedef37/Troyes-Caen-April-28-2018-Ligue-1,3,1
Ligue1,2017-2018,Regular Season,35,Sun,2018-04-29,15:00,Rennes,2.4,0.8,Toulouse,20138,Roazhon Park,Stéphane Jochem,https://fbref.com/en/matches/2b8af14e/Rennes-Toulouse-April-29-2018-Ligue-1,2,1
Ligue1,2017-2018,Regular Season,35,Sun,2018-04-29,17:00,Angers,1.3,1.6,Marseille,15794,Stade Raymond Kopa,Nicolas Rainville,https://fbref.com/en/matches/014d494d/Angers-Marseille-April-29-2018-Ligue-1,1,1
Ligue1,2017-2018,Regular Season,35,Sun,2018-04-29,21:00,Paris S-G,2.4,1.5,Guingamp,47759,Parc des Princes,Sébastien Moreira,https://fbref.com/en/matches/731907d0/Paris-Saint-Germain-Guingamp-April-29-2018-Ligue-1,2,2
Ligue1,2017-2018,Regular Season,36,Fri,2018-05-04,20:45,Amiens,0.4,2.7,Paris S-G,11676,Stade de la Licorne,Hakim Ben El Hadj Salem,https://fbref.com/en/matches/6263a735/Amiens-Paris-Saint-Germain-May-4-2018-Ligue-1,2,2
Ligue1,2017-2018,Regular Season,36,Sun,2018-05-06,15:00,Saint-Étienne,2.0,1.3,Bordeaux,33741,Stade Geoffroy-Guichard,Sébastien Moreira,https://fbref.com/en/matches/9b533b91/Saint-Etienne-Bordeaux-May-6-2018-Ligue-1,1,3
Ligue1,2017-2018,Regular Season,36,Sun,2018-05-06,16:30,Lyon,1.4,1.2,Troyes,54274,Groupama Stadium,Nicolas Rainville,https://fbref.com/en/matches/b68c74c2/Lyon-Troyes-May-6-2018-Ligue-1,3,0
Ligue1,2017-2018,Regular Season,36,Sun,2018-05-06,17:00,Nantes,1.2,0.7,Montpellier,19895,Stade de la Beaujoire - Louis Fonteneau,Franck Schneider,https://fbref.com/en/matches/e8a4ec8e/Nantes-Montpellier-May-6-2018-Ligue-1,0,2
Ligue1,2017-2018,Regular Season,36,Sun,2018-05-06,17:00,Metz,0.8,1.2,Angers,13295,Stade Saint-Symphorien,Olivier Thual,https://fbref.com/en/matches/78d9ed3d/Metz-Angers-May-6-2018-Ligue-1,1,2
Ligue1,2017-2018,Regular Season,36,Sun,2018-05-06,17:00,Dijon,2.3,0.4,Guingamp,13157,Stade Gaston Gérard,Karim Abed,https://fbref.com/en/matches/fa7ea650/Dijon-Guingamp-May-6-2018-Ligue-1,3,1
Ligue1,2017-2018,Regular Season,36,Sun,2018-05-06,17:00,Rennes,2.2,1.2,Strasbourg,23554,Roazhon Park,Benoît Millot,https://fbref.com/en/matches/f0c641e4/Rennes-Strasbourg-May-6-2018-Ligue-1,2,1
Ligue1,2017-2018,Regular Season,36,Sun,2018-05-06,17:00,Toulouse,0.6,3.2,Lille,26251,Stadium Municipal,Clément Turpin,https://fbref.com/en/matches/16b4d012/Toulouse-Lille-May-6-2018-Ligue-1,2,3
Ligue1,2017-2018,Regular Season,36,Sun,2018-05-06,17:00,Caen,1.2,1.5,Monaco,17468,Stade Michel d'Ornano,Ruddy Buquet,https://fbref.com/en/matches/fe743de6/Caen-Monaco-May-6-2018-Ligue-1,1,2
Ligue1,2017-2018,Regular Season,36,Sun,2018-05-06,21:05,Marseille,1.7,0.9,Nice,51443,Orange Vélodrome,Antony Gautier,https://fbref.com/en/matches/83c8d2a7/Marseille-Nice-May-6-2018-Ligue-1,2,1
Ligue1,2017-2018,Regular Season,37,Fri,2018-05-11,20:45,Guingamp,3.5,1.8,Marseille,18378,Stade du Roudourou,Amaury Delerue,https://fbref.com/en/matches/78f16691/Guingamp-Marseille-May-11-2018-Ligue-1,3,3
Ligue1,2017-2018,Regular Season,37,Sat,2018-05-12,21:00,Lille,2.4,1.6,Dijon,46342,Stade Pierre-Mauroy,Nicolas Rainville,https://fbref.com/en/matches/a6ca12f5/Lille-Dijon-May-12-2018-Ligue-1,2,1
Ligue1,2017-2018,Regular Season,37,Sat,2018-05-12,21:00,Angers,1.1,0.8,Nantes,15567,Stade Raymond Kopa,Benoît Millot,https://fbref.com/en/matches/e8f2e6b7/Angers-Nantes-May-12-2018-Ligue-1,0,2
Ligue1,2017-2018,Regular Season,37,Sat,2018-05-12,21:00,Nice,2.9,0.8,Caen,22570,Stade de Nice,Franck Schneider,https://fbref.com/en/matches/ca1d217c/Nice-Caen-May-12-2018-Ligue-1,4,1
Ligue1,2017-2018,Regular Season,37,Sat,2018-05-12,21:00,Bordeaux,3.2,0.7,Toulouse,38630,Stade Matmut-Atlantique,Ruddy Buquet,https://fbref.com/en/matches/60326d82/Bordeaux-Toulouse-May-12-2018-Ligue-1,4,2
Ligue1,2017-2018,Regular Season,37,Sat,2018-05-12,21:00,Strasbourg,1.2,1.1,Lyon,25503,Stade de la Meinau,Clément Turpin,https://fbref.com/en/matches/1d65553a/Strasbourg-Lyon-May-12-2018-Ligue-1,3,2
Ligue1,2017-2018,Regular Season,37,Sat,2018-05-12,21:00,Amiens,1.6,1.3,Metz,10969,Stade de la Licorne,Johan Hamel,https://fbref.com/en/matches/68a86acf/Amiens-Metz-May-12-2018-Ligue-1,2,0
Ligue1,2017-2018,Regular Season,37,Sat,2018-05-12,21:00,Montpellier,1.1,0.6,Troyes,12125,Stade de la Mosson,François Letexier,https://fbref.com/en/matches/573233b5/Montpellier-Troyes-May-12-2018-Ligue-1,1,1
Ligue1,2017-2018,Regular Season,37,Sat,2018-05-12,21:00,Paris S-G,0.9,1.0,Rennes,47352,Parc des Princes,Jérôme Brisard,https://fbref.com/en/matches/d5ded8a3/Paris-Saint-Germain-Rennes-May-12-2018-Ligue-1,0,2
Ligue1,2017-2018,Regular Season,37,Sat,2018-05-12,21:00,Monaco,2.5,0.9,Saint-Étienne,10742,Stade Louis II.,Benoît Bastien,https://fbref.com/en/matches/fb25c052/Monaco-Saint-Etienne-May-12-2018-Ligue-1,1,0
Ligue1,2017-2018,Regular Season,38,Sat,2018-05-19,21:00,Toulouse,2.3,0.6,Guingamp,24306,Stadium Municipal,Mikael Lesage,https://fbref.com/en/matches/fbd790ad/Toulouse-Guingamp-May-19-2018-Ligue-1,2,1
Ligue1,2017-2018,Regular Season,38,Sat,2018-05-19,21:00,Dijon,0.8,2.3,Angers,14270,Stade Gaston Gérard,Thomas Léonard,https://fbref.com/en/matches/62e34648/Dijon-Angers-May-19-2018-Ligue-1,2,1
Ligue1,2017-2018,Regular Season,38,Sat,2018-05-19,21:00,Troyes,1.1,2.2,Monaco,14585,Stade de l'Aube,Clément Turpin,https://fbref.com/en/matches/fe96d78a/Troyes-Monaco-May-19-2018-Ligue-1,0,3
Ligue1,2017-2018,Regular Season,38,Sat,2018-05-19,21:00,Lyon,2.7,1.3,Nice,56953,Groupama Stadium,Benoît Bastien,https://fbref.com/en/matches/e9cc3461/Lyon-Nice-May-19-2018-Ligue-1,3,2
Ligue1,2017-2018,Regular Season,38,Sat,2018-05-19,21:00,Marseille,2.4,0.5,Amiens,56120,Orange Vélodrome,Jérôme Brisard,https://fbref.com/en/matches/7928b729/Marseille-Amiens-May-19-2018-Ligue-1,2,1
Ligue1,2017-2018,Regular Season,38,Sat,2018-05-19,21:00,Nantes,0.7,0.6,Strasbourg,19595,Stade de la Beaujoire - Louis Fonteneau,Ruddy Buquet,https://fbref.com/en/matches/9ba359c1/Nantes-Strasbourg-May-19-2018-Ligue-1,1,0
Ligue1,2017-2018,Regular Season,38,Sat,2018-05-19,21:00,Rennes,0.7,0.6,Montpellier,28126,Roazhon Park,Karim Abed,https://fbref.com/en/matches/83ac6878/Rennes-Montpellier-May-19-2018-Ligue-1,1,1
Ligue1,2017-2018,Regular Season,38,Sat,2018-05-19,21:00,Metz,0.5,2.1,Bordeaux,12400,Stade Saint-Symphorien,Hakim Ben El Hadj Salem,https://fbref.com/en/matches/cfd37704/Metz-Bordeaux-May-19-2018-Ligue-1,0,4
Ligue1,2017-2018,Regular Season,38,Sat,2018-05-19,21:00,Saint-Étienne,2.7,0.7,Lille,22665,Stade Geoffroy-Guichard,François Letexier,https://fbref.com/en/matches/0305bac2/Saint-Etienne-Lille-May-19-2018-Ligue-1,5,0
Ligue1,2017-2018,Regular Season,38,Sat,2018-05-19,21:00,Caen,0.7,1.0,Paris S-G,19999,Stade Michel d'Ornano,Antony Gautier,https://fbref.com/en/matches/0c2580a7/Caen-Paris-Saint-Germain-May-19-2018-Ligue-1,0,0
Ligue1,2017-2018,French 1/2 Relegation/Promotion Playoffs,,Wed,2018-05-23,20:45,Ajaccio,,,Toulouse,,Stade de la Mosson,,Match Report,0,3
Ligue1,2017-2018,French 1/2 Relegation/Promotion Playoffs,,Sun,2018-05-27,21:00,Toulouse,,,Ajaccio,25487,Stadium Municipal,,Match Report,1,0
